,,,,1,2,3,4,5,6,7,8,9,10,11,12,13,14,15,16,17,18,19,20,21,22,23,24,25,26,27,28,29,30,31,32,33,34,35,36,37,38,39,40,41,42,43,44,45,46,47,48,49,50,51,52,53,54,55,56,57,58,59,60,
,,,,Bažanka,Bažanka,Borky,Borky,Chvojnov,Chvojnov,Dvo?išt?,Dvo?išt?,Hliní?,Hliní?,Hovízna,Hovízna,Hrachovišt?,Hrachovišt?,Hráde?ek,Hráde?ek,Kališt?,Kališt?,Kukla,Kukla,Oklika,Oklika,Nad Svitákem,Nad Svitákem,Sta?kovský ryb.,Sta?kovský ryb.,Starý Vdovec,Starý Vdovec,V Lisovech,V Lisovech,V Rájích,V Rájích,Zhejral,Zhejral,Žemli?ka baz,Žemli?ka baz,Žemli?ka kys,Žemli?ka kys,Babín,Babín,Bahna,Bahna,Kocanda,Kocanda,Louky u ?erného lesa,Louky u ?erného lesa,Louky v Jeníkov?,Louky v Jeníkov?,Návesník,Návesník,Pa?ez,Pa?ez,Pod kamenným vrchem,Pod kamenným vrchem,Ratajské rybvníky,Ratajské rybvníky,Šafranice,Šafranice,Zlámanec,Zlámanec,
,,,,a,b,a,b,a,b,a,b,a,b,a,b,a,b,a,b,a,b,a,b,a,b,a,b,a,b,a,a,b,a,b,a,b,a,a,b,a,b,a,b,a,b,a,b,a,b,a,b,a,b,a,b,a,b,a,b,a,b,a,b,
No.,Group name:,,,Sample01,Sample02,Sample03,Sample04,Sample05,Sample06,Sample07,Sample08,Sample09,Sample10,Sample11,Sample12,Sample13,Sample14,Sample15,Sample16,Sample17,Sample18,Sample19,Sample20,Sample21,Sample22,Sample23,Sample24,Sample25,Sample26,Sample27,Sample28,Sample29,Sample30,Sample31,Sample32,Sample33,Sample34,Sample35,Sample36,Sample37,Sample38,Sample39,Sample40,Sample41,Sample42,Sample43,Sample44,Sample45,Sample46,Sample47,Sample48,Sample49,Sample50,Sample51,Sample52,Sample53,Sample54,Sample55,Sample56,Sample57,Sample58,Sample59,Sample60,
1,CL00001,Talaromyces_stollii,TalSto,1.96,9.256544503,0,18.57,41.11,6.1,16.45,0.74,1.83,0,9.320848133,2.01,10.33,0,0.62,0,0.14,0,0,0,36.72360248,0.08,0.11,0,3.23,1.65,0.11,0.02,0.65,6.97,0.95,6.22406639,2.41,0.01,0.051072523,0,0.43,0.14,6.46,0.6,1.22,0,1.983002833,0,0.141057935,0.385706183,31.98,0,0,0,6.27,0,11.22,0.47,20.23,0,0,0,0.03,0,259.185901
2,CL00004,Pilidium_concavum,PilCon,3.22,0.178010471,0.01,0.19,1.57,0.73,0.03,0,0,0,0,0,1,0.15,0.84,0.13,8.49,1.32,0,0.02,0.562888199,28.85,0.69,31.28695839,0,0,0,0,1.88,7.47,14.15,0,9.23,3.26,0.153217569,0,0,0,0,0,0.22,0.21,0.519357885,0,0.74559194,3.788996029,0.16,0.567612688,0.25,5.27,0.78,31.04,0,0.04,0.19,2.93,0.33,2.58,0,0.01,165.0426332
3,CL00006,Stagonospora_sp,Sta007,0.86,4.492146597,5.37,4.06,1.39,0.91,1.38,0.16,0.69,0.068645958,0.010763104,0.02,3.4,0.15,10.69,1.8,5.12,3.63,0.06,0.79,2.01863354,4.49,6.32,2.161057951,0.59,0.74,0.16,0,1.71,4.57,1.02,0.355660937,2.73,5.94,1.940755873,0.03,0.02,0.02,12.24,0,1.49,3.24,1.605288008,0.49,0.826196474,25.44526375,0.26,0.81803005,11.95,0.36,0.61,2.46,0.07,0.01,0,0.3,0.15,2.89,17.57,0.03,162.6824422
4,CL00003,Talaromyces_verruculosus,TalVer,52.72,2.020942408,0.02,2.89,0.81,0.01,0,0.03,2.93,0,0,0.02,0.01,0.02,3.55,1.38,0.27,0.01,0.63,0.05,0.097049689,0.07,0.39,0.268788302,0,0.04,0,0,56.99,6.73,0,0,3.85,0,4.468845761,0,0.89,0.05,0.02,0.07,1.66,0,0,0,0.43324937,0.158820193,0.12,0.100166945,0.02,0.24,4.3,0.14,0.01,0.02,1.84,0.24,0.12,0.04,0,0,150.7478627
5,CL00002,Hygrocybe_coccineocrenata,HygCoc,0,0,0,39.34,15.94,0,5.51,16.28,0,0,17.19944032,0,0,0,2.92,0.01,0.31,0.67,0,0,0,0,0,0,0,0,0,0.15,0,0,0,0.079035764,0.01,0.5,0,0,0,24.06,0.94,0.02,0,0,0,0,0,0.567214974,0,0,0,0,0.56,0.02,10.34,10.92,0,0,0,0,0,0,146.3456911
7,CL00014,Hygrocybe_conica,HygCon,2.78,5.738219895,0,0,0.33,8.36,0,0,0,0,0,0,0,0,0,0,17.05,32.87,0,0,2.600931677,5.22,0.07,4.053327599,0,0,0,0,0,0,0.43,4.267931239,0,0,20.07150153,0,0,0,0,0,0.89,0,0.566572238,0,0,0,5.61,0,0,0,0,0,0,0.01,0,0,12.39,0,0.39,0,123.6984842
6,CL00009,Cladosporium_cladosporioides,CalCla,3.98,1.623036649,0.74,0.35,0.63,3.24,0.23,0.09,0.51,0.085807448,0.591970724,0.9,6.49,2.3,4.71,3.64,4.05,2.6,0.03,2.15,1.339285714,2.89,9.55,2.300827868,0.05,0.15,0.03,0.03,3.28,3.79,0.69,0.968188105,1.34,0.96,1.608784474,0.42,0.11,0.06,18.33,0.01,1.15,0.16,0.141643059,0.57,0.624685139,1.168462847,0.62,5.008347245,1.49,0.6,0.47,2.09,0.54,0.03,0.03,1.45,0.38,1.09,10.28,0.5,115.2410393
8,CL00008,Didymella_prosopidis,DidPro,6.14,0.408376963,2.97,0.43,0.15,0.68,0.01,0.05,0,0.034322979,0.021526208,0.09,2.93,0.47,2.73,0.42,4.5,0.66,0,0.07,2.193322981,0.67,14.87,0.623588861,0.06,0,0,0,3.8,2.42,0.7,1.264572219,2.63,4.16,0.459652707,0.08,0.02,0.03,0.02,0.18,23.63,0.59,0.094428706,0.43,1.078085642,0.260918888,0.83,9.18196995,0.61,0.24,0.5,0.12,0.21,0.05,0.11,1.62,0.64,10.45,0.36,1.45,109.4007661
9,CL00013,Pyrenochaetopsis_leptospora,PyrLep,0.84,7.445026178,0.34,0.05,0.06,2.92,0,0.03,0.04,0,0.05381552,0.42,3.08,0.94,0.56,16.9,1.73,2.1,0.06,3.13,4.309006211,10.97,2.66,4.343618966,0,0.08,0,0.03,3.18,3.18,6.3,1.007705987,0.07,0.58,2.73237998,0.16,0,0.01,0,0.05,0.63,0.9,0.094428706,3.31,0.040302267,2.121384005,0.01,5.50918197,0.65,1.14,0.52,1.36,0,0,0.09,1.76,0.74,2.24,0.15,0.13,101.7568498
10,CL00007,Stagonospora_perfecta,StaPer007,0,0,5.23,0.27,0,1.43,0.86,6.66,0.19,0,0.193735873,4.45,0,0,0,0,0.01,0,0,0,0.019409938,0.03,0,0,0.09,1.77,4.54,8.55,0,0.01,6.89,15.27366133,0,2.92,0.280898876,0,0.46,11.06,0.02,0,0.34,0,2.124645892,0.13,0.251889169,0,0,0,6.59,6.33,0,0.02,0.02,3.28,0.19,0.24,0.15,0,0,0,90.87424108
11,CL00012,Chloridium_setosum,ChlSet,0,0,0,0,0,0,0.12,3.48,2.93,0.995366398,0.010763104,7.18,7.25,0.87,0,5.15,0,0,0.06,0.11,0,0,1.09,0,0.18,11.1,0,0.04,0,0,0,0,0,0,0,0,0,2.87,0.01,14.7,0,0,0,0,0,0,0,0,0,0,0,0,18.34,0.41,0,0,0.03,0,0,0,76.9261295
12,CL00018,Chloridium_sp,Chlo018,0.02,0.492146597,0,0,0,0.32,0,0,0,0,0,0,0,0.01,0,0.35,0.04,1.99,0,1.3,0,0,0,0.021503064,0.03,0,0,0,0,0.01,0,0,0,0.32,0.025536261,2.85,0,0,0,0,0.35,20.83,0,0.01,8.191435768,0.294951787,0,0,0.14,19.64,0,2.36,0,0,0,2.14,0.03,4.21,0,0,65.97557348
13,CL00005,Penicillium_montanense,PenMon,0,0,0.09,0,0.97,0,0.01,0.11,0.09,0.686459585,0,7.08,0,0,0.02,0.01,0.24,0.15,1.8,2.19,0,0.08,0.07,0,0,1.55,0.13,39.43,0.04,0,3.6,0,0,0.01,0.383043922,3.42,0.23,1,0,0.01,0.01,0,0,0.38,0,0,0.01,0,0.08,0.5,0.42,0,0,0,0,0.45,0,0.07,0.17,0,65.48950351
14,CL00010,Venturia_sp,Ven010,0,0.031413613,0,0,0,0,0,0.55,25.1,0.755105543,1.0547842,0,0.51,0.06,0,0,0,0.09,14.44,0.01,0,0,0,0,0,0.27,12.99,4.84,0,0,0,0,0.08,0.02,0.025536261,0.06,0.58,0.1,0.04,0,0,0,0,0,0.010075567,0.068065797,0,0,0,0,0,0.03,0,0,0,0,0,0,0,0,61.71498098
16,CL00016,Cladophialophora_sp,Cla016,0,0,0,0.76,0.03,0,0.01,5.68,0,0,0.021526208,0,0,0.01,0,0,0,0.04,0,0,0,0,0,0,0,2.89,0,0.33,0,0,0.71,0,0,0.02,0,0,0,6.18,0,11.47,0,0.31,8.734655335,5.96,0,0.034032898,0,0,0,0.04,0,0,0.2,12.37,5.24,0.04,0.03,0,0,0,61.11021444
15,CL00015,Phialocephala_sp,Phi015,0,0.062827225,0.28,3.93,0.93,0,0.59,0.18,0.91,1.939248327,0.333656226,0.09,1.9,0,0.72,0,0.23,0.08,0.04,0,0.019409938,0,0.17,0,12.3,1.5,8.35,0.67,0.12,0.12,0,0,0.74,0.1,0,0,0.28,0.26,11.41,0.02,0.3,0.02,0,0.06,0.725440806,0.090754396,0.34,0,0.46,0.28,1.49,0.03,1.62,0.98,0.3,0,3.96,0,0.35,0.01,59.29133692
21,CL00052,Gorgoniceps_sp,Gor052,0,0,0,0,2.32,0,0,0,0,45.90698473,0.936390055,0,0,0,0,0,0,0,0.14,0,0,0,0,0,0,1.87,0,0,0,0,0,0,0,0,0,0,3.56,0,0,0,0,0,0,0.01,0,0,0.31,0,0,0,0.01,0,0,0,0,0,0,0,0,0,55.06337478
17,CL00017,Meliniomyces_sp,Mel017,0,0,0,1.13,0.35,0,2.62,0.74,3.07,0.137291917,1.076310408,0.79,0.67,0,0,0,0,0,1.35,0,0,0,0,0,0.07,2.77,2.06,0.36,0,0,0.26,0.355660937,0,0,0,0,1.58,2.98,5.96,5.98,2.27,0,1.180358829,0,0,0,0.76,0,0,0,0,0,11.5,4.2,0.1,0.15,0,0,0,0,54.46962209
18,CL00019,Paraphaeosphaeria_michotii,ParMic,2,1.329842932,1.67,0.21,0.39,4.36,0.01,0.04,0.01,0.034322979,0.010763104,0.2,5.39,1.42,0.96,1.11,1.07,0.8,0.02,5.98,0.621118012,1.11,1.28,0.20427911,0,0,0,0,1.17,1.35,0.56,0.256866232,0.31,0.44,1.71092952,0.01,0,0.03,2.45,0.06,0.44,0.16,0.047214353,0.28,0.624685139,0.328984685,0.38,7.278797997,0.86,0.56,0.59,0.59,0.38,0.01,0,0.57,0.36,0.41,0.29,0.07,52.80780406
20,CL00027,Stagonospora_pseudocaricis,StaPse,1.47,0.795811518,0.27,0.06,0.04,1.09,0.02,0.09,0,0,0.010763104,0.02,3.14,0.01,0.68,0.02,3.38,0.43,0,0.23,1.64984472,1.68,5.95,1.193420062,0,0,0,0,0.81,0.67,2.54,0.612527169,0.87,0.18,5.13278856,0,0,0,0.07,0,0.16,0.19,0,0,1.14861461,2.2121384,0.13,1.986644407,0.05,0.28,5.24,0.48,0,0.01,0.03,0.14,0.31,0.31,1.2,0,46.99255255
24,CL00063,Hyaloscypha_sp,Hya063,0,0,0,0,0.61,0,0,0,0,0,0.05381552,0,0,0,0,0.04,0,0,0,0,0,0,0,0,0,0,0,0,0,0,0,0.335901996,0.01,0,0,0,0,0,0,0,0,0,16.19452314,0,0,0,0,0,0,0,0,0,0,0,29.22,0,0,0,0,0,46.46424065
19,CL00047,Podospora_sp,Pod047,0,0,0,0,0.95,0,0,0,0,0,17.35012378,0,0,0,0.34,2.36,0.02,0,0,0,0,0,0,0,0,0.12,0,0,0,0.97,0,0,0,0.75,0,0,0,0,0,0.1,0.71,0.02,1.322001889,0,8.654911839,0,0.05,0,0.03,1.23,3.5,0,0.01,0,5.57,0,0.06,0,0,0.01,44.1270375
23,CL00030,Glomeromycota_sp,p_Glo030,0,0,0.43,0.12,0.07,0,1.95,0.21,0,0,0.322893122,0.15,0,0,0,0,0.05,0,0,0,0,0,0,0,0.02,0.11,0,0,0,0,0,0.039517882,0,0.04,0,0,0,0.32,1.02,7.04,1.01,0,6.42115203,0,0,0,0.09,0,0.9,0.05,0,0,1.28,2.63,4.26,0,7.48,0,2.75,0,38.76356303
27,CL00035,Oidiodendron_maius,OidMai,0,0,0,0,0,0,0.05,0.72,0.06,3.15771409,0,0.64,0,0,0,0,0,0,0.55,0.62,0,0,0,0.05375766,0,0.06,0,0.29,0,0,0,5.967200158,0,0.01,0.331971399,0.56,13.86,0.02,0,3.16,0,0,0.094428706,0,0,0,0,0,0,0,0,0,0,4.43,0,0,0,0,0,0,34.63507201
22,CL00024,Agaricomycetes_sp,c_Aga024,0,0.020942408,0,0,0,0,8.04,24.56,0,0,1.151652136,0.02,0,0,0,0,0,0.06,0,0,0,0,0,0,0,0,0,0,0,0,0,0,0,0.01,0,0.01,0,0,0,0,0,0,0,0,0.040302267,0,0,0,0,0,0,0,0,0,0,0,0,0,0,0,33.91289681
25,CL00041,Clohesyomyces_sp,Clo041,0.47,4.785340314,0,0,0,0,0,0,0,0,0,0,0.08,0,0.61,0,0,1.22,0,0,0.097049689,0.1,0.13,0,0,0,0,0,0.16,0.01,0,0,14.5,0,0,0,0,0,0,0,0.16,0.04,0,0,0,6.239364719,0,1.035058431,0,0,1.12,0.8,0,0,0,0.02,0.66,0.04,0,0,32.27681315
26,CL00031,Chloridium_sp,Chl031,0,0.052356021,0,0,0,0,0,0.26,0,0,0,0.14,0,0.21,0,9,0.06,0,0,0.58,0.058229814,0,0,0,0,0,0,0,0,0,0.04,0,0,0.01,0,0,0.02,0,0.01,0.1,0.11,2.18,0,0,0.967254408,2.518434487,0,0.033388982,5.75,0.81,0,4.82,0,0,0,1.16,0.44,0,1.37,0,30.69966371
30,CL00040,Xepicula_leucotricha,XepLeu,4.27,0.083769634,0.33,0.55,0.6,2.02,0.15,0.14,0.13,0,0.23678829,0.24,0,0,0.41,0,0.65,0.09,0.01,0,3.649068323,2,1.77,0.301042899,0.02,0,0,0,1.89,0.89,3.63,0.493973523,0.18,0.01,0.331971399,0,0.01,0,0.02,0,0.27,0,0,0.02,0.120906801,0.022688599,1.56,0.050083472,0.14,0.07,1.01,0.01,0.02,0.04,0.06,0.17,0.39,0.17,0.96,0,30.19029294
28,CL00011,Leotiomycetes_sp,c_Leo28,0,0,0.06,0,0,0,0,0.02,0,0,0,0,0,0.05,0,0,0,0,0,0,0,0,0,0,0,0,0,0,0,0,0,0,0,0,0,0,0,0,0,0,0.01,0,0,0,0,0,0,0,0,0,0,0,0.03,29.48,0,0,0,0,0,0,29.65
29,CL00071,Hyaloscyphaceae_sp,f_Hya071,0,0,0,0,0,0,0,0,0.04,0,0,0,0.01,0.01,0,0,0,0,0,0,0,0,0,0,0,0,0,0,0,0,0.32,0,0,0,0,0,29.01,0,0,0,0,0,0,0,0,0,0,0,0,0,0,0,0,0,0,0,0,0,0,0,29.39
31,CL00029,Neptunomyces_aureus,NepAur,0.09,0.115183246,0.75,0.01,0,0.45,0,0.15,0,0,0.301366914,0,0.06,0,0.12,0.01,0.06,0.04,0,4.6,1.397515528,3.79,0.31,0.010751532,0,0,0,0.01,0.03,0.1,0.07,0.770598696,0,0,0,0,0,0.07,0,0,0.26,0,0.141643059,0,0.413098237,1.542824731,1.41,0.317195326,0.82,0.77,0.39,0.08,0.14,0.54,0.02,1.54,3.3,4.38,0,0,29.38017727
39,CL00050,Paraphaeosphaeria_xanthorrhoeae,ParXan,0.36,0.010471204,0.38,0.27,0.49,0.03,0.31,0.12,0.04,0.01716149,0,0,0,0,0.75,0,1.08,0.38,0.21,0,5.473602484,1.57,3.18,0,0.03,0.06,0.15,0,0.2,0.08,0.56,1.323849042,0,0.08,1.455566905,0,0.09,0.39,5.43,0.02,0.2,0,0.566572238,0.18,0.110831234,0,0.97,0,0.5,0.04,0,0,0.1,0.07,0.01,0,0.17,0,0.68,0,28.1380546
32,CL00026,Lepista_nuda,LepNud,0,0,0,0,0,0,0,0,0,0,0,0,0,0,0,0,0,0,0,0,0,0,0,0,0,0,0,0,0,0,0.01,0,0,0,0,27.83,0.01,0,0,0,0,0,0,0,0,0,0,0,0,0,0,0,0,0,0,0,0,0,0,0,27.85
33,CL00021,Trichoglossum_sp,Tri021,0,0,9.84,0,0,0,16.27,0,0,0,0,0.42,0,0,0,0,0,0,0,0,0,0,0,0,0,0,0,0,0,0,0,0.098794705,0,0.41,0,0,0,0,0,0,0,0,0,0,0,0,0,0,0,0,0,0,0,0,0,0,0,0,0,0,27.0387947
42,CL00058,Lachnellula_sp,Lac058,0.03,0,0,0.18,2.38,0,1.22,0.33,0.45,0.01716149,0.312130018,0.96,0.16,1.11,0.02,0.02,0.24,0.07,0.23,0.31,0.232919255,0,0,0,0.01,0.54,0.02,0.01,0.11,2.12,0.01,4.109859712,0.09,0.02,0,0,0.24,0.14,0.54,1.75,0.47,0,2.644003777,0,0.211586902,0.136131594,0.66,0,0.06,0,0,0,0.22,0.18,3.42,0,0.61,0,0.21,0,26.80379275
34,CL00033,Clavulinopsis_bispora,ClaBis,0,0,0,0,0,0,0,0,0,0,0,0,0,0,0,0,0,0.03,0,11.11,0,0,0,0,0,0,0,0,0,0,0,0,0,0,0,0,0,0,0,0,0,15.55,0,0,0,0,0,0,0,0,0,0,0,0,0,0,0,0,0,0,26.69
35,CL00042,Chaetosphaeria_sp,Cha042,0.09,0.586387435,0,0,0,0,0,0,0,0,0,0,0,0,0,0,0,0.03,0,0,0,0,0,0,0,0,0,0,0,1.14,0.01,0,0,0,0,0,0,0,0,0,4.57,0,0,0,0.392947103,2.790697674,0,0.834724541,0,0.11,0.07,11.45,0,0,0.18,1.69,0,2.68,0,0,26.62475675
36,CL00022,Suillus_variegatus,SuiVar,0,0,0,0,0,0,0.03,3.02,0.04,0,0,0,0,0,0,0,0,0,16.28,1.6,0,0,0,0.010751532,0,3.79,0.07,0.32,0,0,0.29,0,0,0,0,0,0,0.28,0,0,0,0,0,0,0,0,0,0,0,0,0,0,0,0,0,0,0,0,0,0,25.73075153
37,CL00068,Metarhizium_brunneum,MetBru,0,0,0,0,0,0.62,0,0,0,0,0,0.02,0,0,0,0,0.01,0,0,0,0,0,0,0,0,0,0,0,0,0.03,0.53,0.454455641,0,0,0.842696629,0,0,0,0,0,0,0.03,0,0,20.97732997,0,0.01,0,1.7,0.09,0,0,0,0,0,0.17,0.07,0.06,0.09,0,25.70448225
38,CL00039,Trechispora_sp,Tre039,0,0,0,0,0.05,0,9.42,0.29,0,0,2.74459154,0.07,0,0,0,0,0,0,0.01,0,0,0,0,0,0,0,0,0,0,0,0,0.671803991,0,0,0,0,0.59,0.65,0,10.14,0,0,0.094428706,0,0.020151134,0,0,0,0,0,0,0,0,0,0,0,0,0,0,0,24.75097537
142,CL00261,Leotiales_sp,o_Leo261,0,0,0,0,0,0,0.02,0,0,0,0,0,0,0.01,0,0,0,0,0,0,0,0,0,0,0,0,0,0,0,0,0,0.059276823,0,0,0,0,0,0,0,0,0,0,20.67988669,0,0,0,0,0,0,0,0,0,0,0,2.8,0,0,0,0,0,23.56916351
40,CL00046,Mycena_metata,MycMet,0,0,0,0,0,0,0,0,0,0,0.043052416,0,0,0.11,0,0,0,5.36,0,0.02,0,0,0,0,0,0,0,0,0,0,0,0,0,17.82,0,0,0,0,0,0,0,0,0,0.03,0,0,0,0,0,0,0,0,0,0,0,0,0,0,0,0,23.38305242
41,CL00025,Tylospora_sp,Tyl025,0,0,0,0,0,0,0.67,0.21,0,0,0,0,0,0,0,0,0,0,8.24,0.92,0,0,0,0,0.01,2.88,0,4.63,0,0,0,0,0,0,0,0.13,5,0.67,0,0,0,0,0,0,0,0,0,0,0,0,0,0,0,0,0,0.01,0,0,0.01,0,23.38
44,CL00069,Stagonospora_perfecta,StaPer069,0,0.083769634,0.16,0,0,0,0,0,0.04,0,0,0,0,0,8.31,0.06,0,0,0,0.03,0,0.02,0,0,0,0,0,0,0.03,0.03,0,0,0.36,0.01,0,0,0.01,0,0,0,0,0.02,0,0,0,14.07827567,0,0,0,0,0,0,0,0,0,0,0,0,0,0,23.2420453
43,CL00066,Auricularia_sp,Aur066,0.28,0,0,0,0.01,0.02,0,0,0,0,0,0,0,0,3.73,0,0.21,0.67,0,0,0.174689441,0,3.67,0,0,0,0,0,0.13,0,0.16,0,0,0,0.051072523,0,0,0,0,0,0.69,0,0,0,0,0.782756665,0.02,0,0.42,0,6.49,0,0,0,0,0,4.29,0,0,0,21.79851863
58,CL00098,Clavaria_sp,Cla098,0,0,0,0,0,0,0,0,0,0,0,0,0,0,0,0,0,0,0,0,8.016304348,0,0,0,0,0,0,0,0,0,0,0,0,0,0,0,0,0,0,0,0,0,0,0,0,0,13.48,0,0,0,0,0,0,0,0.04,0,0,0,0,0,21.53630435
45,CL00043,Penicillium_sp,Pen043,0,0,0,0,0,0,0,0,0,0,0,0,0,0,0,0.01,0,0,0,0.02,0,0,0,0,0,0,0,0,0,0,0,0,0,0,0,20.7,0,0,0,0,0,0,0,0,0,0,0,0,0,0,0,0,0,0,0,0,0,0,0,0,20.73
50,CL00118,Hygrocybe_sp,Hyg118,0,0,0,0,0,0,0,0,0,0,0,0,0,0,0,0,0,0,0,0,0,0,0,20.5354263,0,0,0,0,0,0,0,0,0,0,0,0,0,0,0,0,0,0,0,0,0,0,0,0,0,0,0,0,0,0,0,0,0,0,0,0,20.5354263
46,CL00028,Phialocephala_sp,Phi028,0,0,0.26,0,0,0,0.04,0.47,0.5,0.240260855,0.032289312,0.02,0.05,0,0,0,0,0,0.03,0,0,0,0,0,9.13,0.3,1.79,0.05,0,0,0.03,0,0,0.01,0,0,0,0.57,0.67,0,0,0,0,0,0,0,0,0,0,0,0,0,5.14,0.71,0,0.19,0,0,0,0,20.23255017
47,CL00059,Chalara_sp,Chal059,0.02,0.010471204,0.04,0,0,0.63,0,0,0,0,0,0,0,0,0.05,0,0.17,1.98,0,0,0.252329193,0.15,0.08,0,0,0.03,0,0,0.08,11.87,0,0,0,0.09,0,0,0,0,0,0,0.14,0,0,0,0.010075567,0.272263188,0,0.183639399,0.02,0,0,0.03,0,0,0,0,0,3.96,0,0.01,20.07877855
48,CL00036,Clathrus_archeri,ClaArc,0,0,0.41,0,0,0.04,0,0,0,0,0,0,0,0,0,0,0,0,0,0,0.116459627,0.02,0,0,0,0,0,0,0.02,0,0,0,0,0,0.025536261,0,0,0,0,0,0,0,0,0,0,0,0,0,0,18.73,0,0,0,0,0,0,0,0,0,0.13,19.49199589
49,CL00073,Clavulina_sp,Cla073,0,0,0,0,0,0,0,0,0,0,0,19.35,0,0,0,0,0,0,0,0,0,0,0,0,0,0,0,0,0,0,0,0,0,0,0,0,0,0,0,0,0,0,0,0,0,0,0,0,0,0,0,0,0,0,0,0,0,0,0,0,19.35
51,CL00038,Hyaloscyphaceae_sp,f_Hya038,0,0,0.03,0.02,0,0.04,0.02,0.05,0.08,0,0,4.77,0,0,0,0,0.03,0,0.98,1.3,0.038819876,0.06,0.06,0,0.05,1.42,0.39,4,0,0,2.5,0,0,0,0,2.92,0.03,0.25,0.01,0,0,0,0,0,0,0,0,0,0,0,0.02,0,0,0,0,0,0,0,0.02,0,19.08881988
52,CL00065,Hyaloscyphaceae_sp,f_Hya065,0,0,0,0,0,0,0,0,0,0,0,0,0,0,0,0,0,0,0,0,0,0,0,0,0,0,18.64,0,0,0,0,0,0,0.01,0.076608784,0,0,0,0,0,0,0,0,0,0,0,0,0,0,0,0,0.02,0.31,0,0,0,0,0.01,0,0,19.06660878
54,CL00051,Galerina_paludosa,GalPal,0,0,0,0,0.25,0,0.83,0.01,8.25,0.240260855,0.182972769,0.01,0,1.48,0,0,0,0,0.48,0,0,0,0,0,0,0.1,0,0,0,0,0,0,0,0,0,0,0.08,0.02,0.69,5.93,0,0,0.188857413,0,0,0,0,0,0,0,0,0,0,0.02,0,0,0,0,0,0,18.76209104
53,CL00076,Hyalodendriella_sp,Hya076,0,0,0,0,0,0,0,0,0,0,0,0,0,0,0,0,0,0,0,0,0,0,0,0,0,0,0,0,0,0,0,0,0,0,0,0.07,0,0,0,0,0,0,0,0,0,0,0,0,0,0,0,0,0,0,0,0,0,0,0,18.49,18.56
55,CL00067,Variocladium_giganteum,VarGig,0.01,0.12565445,0,0,0,0,0,0,0,0,0,0,0,0,12.21,0,0,0,0,0,0,0,0.23,0,0,0,0,0,0,0,0,0,1.52,0.02,0.076608784,0,0,0,0,0,0,0,0,0,0,0.011344299,0,0,0,0,2.24,0,0,0,0,0,0.8,0,1.22,0,18.46360753
56,CL00055,Auriculariales_sp,o_Aur055,0,0,0,0,0,0,0,0,0,0.411875751,1.775912173,0,0,0,0,0,0,0,0.11,0,0,0,0,0,0,10.27,0,0,0,0,0,0,0,0,0,0,0,0,0,0,0,0,0,0,0,0,5.89,0,0,0,0,0,0,0,0,0,0,0,0,0,18.45778792
95,CL00142,Xenopolyscytalum_sp,Xen142,0,0,0.01,0,0,0,0,0,0,0,1.183941449,0.22,0.28,3.95,0,0,0,0,0.01,0.14,0,0,0,0,0,0,0.28,0.11,0,0,0.6,0.256866232,0,0,10.82737487,0.09,0,0,0,0,0,0,0,0,0,0,0,0,0,0.01,0,0,0,0,0,0,0,0,0,0.02,17.98818255
57,CL00034,Atractiellales_sp,o_Atr034,0,0,0,0.16,0.03,0,0.54,0.04,0,0,0.118394145,0,0,0,0,0,0,0,0,0,0,0,0,0,7.75,0.26,0.33,0.07,0,0,0,0,0,0.75,0,0,0.69,0,0.02,0,4.76,0,0,0,0,0,0.01,0,0,0,0,0,2.29,0.1,0,0,0,0,0,0,17.91839414
63,CL00074,Hyaloscypha_sp,Hya074,0,0,4.11,0,0.28,0,0,0,0,0,0.032289312,2.6,0.05,0.17,0,0,0,0,0,0.11,0,0,0,0,0,0,0,0,0,0,0,0.889152341,0.01,0.88,0,0,0,0,0,0.17,0.42,1.11,0.472143532,0,2.488664987,0,0,0,0,0.01,1.8,0.78,0,0.05,0.58,0.05,0,0,0,0.74,17.80225017
59,CL00045,Arachnopeziza_sphagniseda,AraSph,0,0,0,0,0.01,0,0,0,6.56,0.257422344,0,0.06,2.57,4.49,0,0,0,0,1.79,0,0,0,0,0,0,0,0,1.48,0,0,0,0,0,0,0,0,0.04,0,0,0.04,0,0,0,0,0,0,0,0,0,0,0,0,0,0,0,0,0,0,0,0,17.29742234
61,CL00037,Venturia_sp,Ven037,0,0.104712042,0,0,0,0,0,0.04,0,0,0,0,0.01,0.15,0.1,0,0.01,0.02,0.01,0.15,0,0,0.01,0,9.29,0.9,0.58,0,0,0,0,0,0.72,0,0.051072523,0,0,0.01,4.2,0,0,0,0,0,0,0,0,0,0,0,0.37,0.2,0.02,0,0,0,0.03,0,0,0.19,17.16578456
60,CL00044,Talaromyces_sp,Tal044,0.01,0,0,0,0,0,0.01,2.84,0.22,0.051484469,0,0.35,0,0,0,0,0,0,4.33,0.13,0,0,0,0,0,0.69,3.56,1.27,0,0,0.02,0,0,0,0,0.1,0.18,3.34,0,0,0,0,0,0,0,0,0,0,0,0,0,0.06,0,0,0,0,0,0,0,0,17.16148447
62,CL00062,Lecanorales_sp,o_Lec062,0,0,0,0,0,0,0,0,0,0,0,0,0,0,0,0,0,0,0,0,0,0,0,0,0,0,0,0,0,0.02,0,0,0,0,0,0,0,0,0,0,16.97,0,0,0,0,0,0,0,0,0,0,0,0,0,0.05,0,0,0,0,0,17.04
82,CL00080,Chloridium_humicola,ChlHum,0.04,0,0,0,0,0,0,0,0,0,0,0.01,0.02,0.02,0.02,0.19,0.06,0.01,0,3.3,0.019409938,0.04,0,0,0,0,0,0,0,0.23,0,8.79272871,0,0.51,0,1.02,0,0,0,0,0,0,0,1.02,0.282115869,0.068065797,0,0,0,1.01,0,0.16,0,0,0.03,0,0,0,0,0,16.85232031
64,CL00020,Leptodontidium_sp,Lep020,0,0,0,0,0,0,0,0.02,0,0,0,0.03,0,0,0,0,0,0,0,0,0,0,0,0,0,0,0,16.69,0,0,0,0,0,0,0,0,0,0.06,0,0,0,0,0,0,0,0,0,0,0,0,0.01,0,0,0,0,0,0,0,0,0,16.81
65,CL00089,Articulospora_sp,Art089,0,0.010471204,0,0,0.09,0,0,0,0,0,0,0.38,0,0,0.08,0.1,0.11,0.1,0,0,0,0,0,0,0,0,0,0,0,0.1,0.36,0,0.01,0.15,0.025536261,0.12,0,0,0,0.07,0.01,0.08,0.047214353,0,0.060453401,0.079410096,0,0,0.11,0.01,5.38,2.63,0.27,0,0.84,1.46,3.28,0.05,0.07,0.43,16.51308532
66,CL00064,Plectosphaerella_sp,Ple064,0.25,2.230366492,0,0,0,0,0,0,0,0,0,0,0,0,0,0,0.01,0,0,0,0.116459627,0.46,0,0,0,0,0,0,0.02,1.43,0,0,11.51,0,0,0,0,0,0,0,0,0,0,0,0.010075567,0,0,0.383973289,0.05,0,0,0,0,0,0,0,0,0,0,0,16.47087498
68,CL00092,Rutstroemia_henningsiana,RutHen,0,0,0.11,0.05,0,0.18,0,0,0,0,0,0,1.2,2.55,0.09,0,0.02,0,0,0,0,0,1.63,0,0,0,0,0,0,0.01,0,0,1.06,0.05,0,0,0,0,0,0,0.27,0,0,0,0,0,0,0.834724541,0.02,0,7.82,0.04,0.22,0,0,0,0,0,0,0,16.15472454
67,CL00032,Venturia_sp,Ven032,0,0.408376963,0.01,0,0,0,0,0,0,0,0,0,0,0,1.43,0,0.03,0.18,0,0,0,0,0,0,13.13,0.22,0.02,0,0,0,0,0,0.27,0.01,0,0,0,0,0.13,0,0.04,0,0,0,0,0.022688599,0,0,0,0,0,0,0.05,0,0,0,0.03,0,0,0,15.98106556
71,CL00061,Cistella_typhae,Cis061,0.01,0.136125654,0.24,0.05,0,0,0,0.04,1.03,0.257422344,0,0,1.2,0.02,2.47,0.1,0.07,0.1,0.02,0,0,0,0.13,0,0.88,1.53,0.02,0,0.03,0.18,0,0,1.13,0.32,0.102145046,0,0,0,0.22,0.01,0.34,0.04,0,0,1.309823678,1.747022121,0.02,0.267111853,0.01,0.04,0.38,0.08,1.03,0.18,0,0.05,0.19,0,0,0,15.9796507
69,CL00023,Geoglossum_simile,GeoSim,0,0,0,0,0,0,0,0.11,0,0,0.785706598,0,0,0,0,0,0,0,0,0,0,0,0,0,0,0,0,0.01,0,0,0,0,0,0,0,0,0,3.63,0,0,0,0,0,0,0,0,0,0,0,0,0,0,0,11.27,0,0,0,0,0,0,15.8057066
70,CL00108,Clavariaceae_sp,f_Cla108,0,0,0,0,0,0,0,0,0,0,0,0,0,0,0,0,0,0,0,0,0,0,0,0,0,0,0,0,0,0,0,0,0,0,0,0,0,0,0,0,0,0,0,0,0,0,0,0,0,0,0,0,0,0,0,15.57,0,0,0,0,15.57
72,CL00101,Renatobasidium_sp,Ren101,0,0,0,0,0,0,0,0,0,0,0.032289312,0.1,0,8.93,0,0,0,0,0,0,0,0,0,0,0,0,0,0,0,0,0,0,0,0.72,0,0,0,0,0,5.54,0,0,0,0.03,0,0,0,0,0,0,0,0,0,0,0,0,0,0,0,0.01,15.36228931
74,CL00053,Cistella_sp,Cis053,0.02,0.32460733,0,0,0,0.47,0,0,0,0,0,0,0,0,0,0,0.16,0.09,0,0,0.582298137,0.45,0.55,0.075260725,0,2.33,0,0,0,0.17,0.11,0,0.01,0.19,0.17875383,0,0,0,0,0,0.57,0,0.094428706,0.73,0.060453401,0.317640386,0.22,0.601001669,5.28,0.15,0,0.11,0,0,0.01,0.09,0.03,0.67,0.7,0.01,15.35444418
86,CL00138,Branch03_sp,p_Roz138,0,0,0,0,0,0,0,0,0,0,0,0,0,0,0,0,7.78,0.35,0,0.02,0,0,0,0,0,0,0,0,0,1.32,0,0,0,0,4.749744637,0,0,0,0,0,0,0,0,0,0.675062972,0.22688599,0,0,0,0,0,0,0,0,0,0,0,0,0,0,15.1216936
73,CL00078,Tomentella_sp,Tom078,0,0,0,0,0,0,2.26,0,0,0,0,0,0,0,0,0,12.8,0,0,0,0,0,0,0,0,0,0,0,0,0,0,0,0,0,0,0,0,0,0,0,0,0,0,0,0,0,0,0,0,0,0,0,0,0,0,0,0,0,0,0,15.06
103,CL00121,Sphagnurus_paluster,SphPal,0,0,0,0,0,0,0,0,0.18,11.8929123,0,0,0.17,0,0,0.01,0,0,0.02,0,0,0,0,0,1.56,0,0,0,0,0,0,0,0,0,0,0,0,0.88,0.27,0,0,0,0,0,0,0,0,0,0,0,0,0,0,0.01,0,0,0,0,0,0,14.9929123
77,CL00072,Sclerostagonospora_sp,Scl072,0.14,0.638743455,0.26,0.02,0,0.41,0,0,0,0,0,0,0.07,0.49,0.02,1.48,0.33,0.65,0,0.06,0.349378882,1.94,0.04,0.010751532,0,0,0,0,0.31,0.88,0.01,0,0.08,0.49,0,0,0,0,0,0,0.36,0.23,0,0.07,0.090680101,0.930232558,0,0.801335559,1.96,0.53,0.01,0.5,0,0,0,0.25,0.04,0.2,0,0.03,14.68112209
75,CL00134,Capronia_sp,Cap134,0,0,0.26,0,0,0,0,0,0,0,0,0,0,0,0,0,0,0,0,0,0,0,0,0,0,0.02,0,0,0,0,0,0.039517882,0,0.05,0,0,0,0,0,0,0,9.75,0,0,0,0,0,0,0,0,0,0,0,0,3.68,0,0,0,0,0.74,14.53951788
76,CL00079,Xylariales_sp,o_Xyl079,0,0,1.57,2.35,0,0,0,0,0,0,0,0,0,0,0,0,0,0.16,0,1.19,0,0,0,0,0,0,0.04,0,0,0,0,0,0,0,0,0,0,0,0,0,0,9.16,0,0,0,0.022688599,0,0,0,0,0,0,0,0,0,0,0,0,0,0,14.4926886
79,CL00048,Lactarius_rufus,LacRuf,0,0,0,0,0,0,0,0,0,0.90955895,0,0,0,0,0,0,0,0,12.45,0,0,0,0,0,0,0,0,0,0,0,0.51,0,0,0,0,0,0,0,0,0,0,0,0,0,0,0,0,0,0,0,0,0,0,0,0,0,0,0,0.01,0,13.87955895
78,CL00057,Capronia_sp,Cap057,0,0,13.71,0,0,0,0,0,0,0,0,0,0,0,0,0,0,0,0,0,0,0,0,0,0,0,0,0,0,0,0,0,0,0,0,0,0,0,0,0,0,0,0,0,0,0,0,0,0,0,0,0,0,0,0,0,0,0,0,0,13.71
80,CL00085,Leptodophora_orchidicola,LepOrc,0,0.010471204,0,0.01,0.12,0.08,0,0,0,0,0,0.04,0,0,0.06,0,0,0.3,0,0.69,0.116459627,0.05,0.01,0.333297495,0,0,0,0,0.08,0.24,0.21,0,0.02,0.03,0,0,0,0,0,0,0.33,0.03,0.047214353,1.04,0.282115869,0.079410096,0,0.851419032,1.55,0.08,0.55,1.09,0,0,0.05,0.71,1.04,0.16,0.61,2.48,13.38038768
88,CL00116,Orbilia_ellipsospora,Orb116,0.06,0.157068063,0,0,1.26,0.04,0,0.01,0,0,0.032289312,0.01,0.04,0,3.18,0.01,0.14,0.09,0,0.22,0.058229814,0,0.4,0,0,0.05,0,0,0,0.81,0.05,0.039517882,0.5,0.06,1.430030644,0,0,0,0.01,0,0.41,0.08,0,0,2.44836272,0.22688599,0.03,0,0.04,0,0.18,0,0,0,0.73,0,0.16,0,0.12,0,13.08238442
87,CL00179,Auriculariales_sp,o_Aur179,0,0,0,0,0,0,0,0,0,0,13.04488214,0,0,0,0,0,0,0,0,0,0,0,0,0,0,0,0,0,0,0,0,0,0,0,0,0,0,0,0,0,0,0,0,0,0,0,0.01,0,0,0,0,0,0,0,0,0,0,0,0,0,13.05488214
81,CL00107,Cudoniella_sp,Cud107,0,0,0.48,0.12,0,0,0,0,0,0,0,0,0,6.13,0,0,0,0,0,0,0,0,0,0,0,0,0,0.03,0,0,0,0,0.01,2.26,0,0,0,0,0,0,0,3.87,0,0,0,0,0,0,0,0,0,0,0,0,0,0,0,0,0,0,12.9
83,CL00081,Pseudoechria_curvicolla,PseCur,0.17,0.335078534,0.1,0.07,0.08,2.76,0,0,0.13,0.120130427,0,0.01,0.22,0.07,4.94,0.87,0.12,0.19,0,0.01,0,0,0,0,0.05,0.01,0,0.06,0.02,1.1,0,0.019758941,0,0,0,0,0,0.03,0,0.02,0,0,0,0,0,0,0,0,0,0,0.09,0,0,0.11,0,0,0.12,0.71,0,0,12.5349679
84,CL00159,Lachnum_sp,Lac159,0,0,0,0,0,0,0,0,0,0,0,0,0,0,0,0,0,0,0,0,0,0,0,0,0,0,0,0,0,0,0,0,0,0,0,0,0,0,0,0,0,0,0,12.38,0,0,0,0,0,0,0,0,0,0,0,0,0,0,0,0.01,12.39
85,CL00083,Apenidiella_sp,Ape083,0,0,0,0,0.31,6.45,0,0,0,0,0,0,0,0,0,0,0.2,0,0,0,0,0.1,1.25,0,0,0,0,0,0.04,2.33,0.14,0,0.03,0.94,0.127681307,0,0,0,0,0,0,0,0,0,0,0,0,0,0,0,0,0,0,0,0,0,0.17,0.26,0,0,12.34768131
89,CL00123,Russula_caerulea,RusCae,0,0,0,0,0,0,0,0,0,0,0,12.08,0,0,0,0,0,0,0,0,0,0,0,0,0,0,0,0,0,0,0,0,0,0,0,0,0,0,0,0,0,0,0,0,0,0,0,0,0,0,0,0,0,0,0,0,0,0,0,0,12.08
90,CL00049,Hyaloscypha_sp,Hya049,0,0,0,0,0,0,0,0,0.11,0.46336022,0,0,0.06,0,0,0,0,0,0.01,0,0,0,0,0,7.33,2.09,1.94,0.01,0,0,0,0,0,0,0,0,0,0,0,0,0,0,0,0,0,0,0,0,0,0,0,0,0,0.01,0,0,0,0,0,0,12.02336022
93,CL00082,Mycena_galopus,MycGal,0,0,0,0,0,0,0,0.33,0.18,1.115496825,0,0.79,0,0,0,0,0,0.01,0.49,0.05,0,0,0,0,0.59,4.41,0,0.13,0,0,0,0.118553646,0,0.71,0,0,0,0.3,2,0.76,0,0,0,0,0,0,0,0,0,0,0,0,0,0,0,0,0,0,0,0,11.98405047
97,CL00114,Apiospora_arundinis,ApiAru,0.01,0,0,0,1.51,0.23,0.01,0,0,0,0.182972769,2.76,0.01,0.02,0,0,0,0,0,0,0.019409938,0,0,0,0,0,0,0.02,0.01,0,0.01,0.098794705,0,0,1.506639428,0.28,0,0.03,0,0,0,0.64,0,0.04,0,0,0.01,0.016694491,0,1.05,0.11,0.25,0,0,0,0,2,1.04,0,0.06,11.92451133
94,CL00156,Ascomycota_sp,p_Asc156,0.08,0.157068063,0,0,0,0,0,0,0,0,0,0,0,0,0.5,0,0.08,0.24,0,0.14,0,0,0.02,0,0,0,0,0,0.06,0.14,0.03,0,0.07,0,0.153217569,0,0,0,0,0,0.36,0.11,0,0,0.050377834,2.711287578,0.04,0,0.11,0,6.56,0.02,0,0,0,0.02,0.01,0,0,0,11.66195104
91,CL00060,Physalospora_vaccinii,PhyVac,0,0,0,0,0,0,0,0,10.05,0,0,0,0,0,0.01,0,0.09,0,1.3,0,0,0,0,0,0,0,0,0,0.06,0,0.07,0,0,0,0,0,0,0,0,0,0,0,0,0,0,0,0,0,0,0,0,0,0,0,0,0,0,0,0,0,11.58
96,CL00104,Fusarium_sporotrichioides,FusSpo,0.07,0.104712042,0.05,0,0.12,0.05,0,0,0.01,0,0.096867937,0.11,0.23,0.36,0,0.08,0.08,0.98,0.03,0.51,0.077639752,0.25,0.71,0.827867971,0.01,0,0,0,0.03,0.06,0.19,0.276625173,0,0.06,0.255362615,0,0,0,0.03,0,0.04,0.03,0.047214353,1.66,0.050377834,0.328984685,0.03,0.100166945,0.19,0.2,0.03,0.21,0,0.02,0,0.94,0.23,1.74,0,0.04,11.54581931
92,CL00093,Podospora_sp,Pod093,0,0,0,0,0,0.29,0,0,0,0,0,0,0,0,0,0,0,0,0,0,0,0.02,0.01,0,0,0,0,0,0.07,0.11,0,0,0,0,0,0,0,0,0.01,0,0.04,0.24,0,3.91,1.319899244,0,0.28,0,0,5.04,0,0.01,0,0,0,0.02,0,0.06,0,0.08,11.50989924
109,CL00149,Trematosphaeria_sp,Tre149,0.01,0.471204188,0,0,0.02,0.05,0,0,0,0,0,0,0,0.01,0.03,3.47,0,0.77,0,0.09,0,0,0.89,0,0,0,0,0,0.01,0.07,0,0,0.01,0,0.255362615,0,0,0,0,0,0.63,0.01,0,0,0,0.011344299,0.06,3.839732888,0.09,0,0,0.01,0,0,0,0.11,0.21,0.03,0,0,11.15764399
99,CL00170,Gorgoniceps_sp,Gor170,0,0,0,0,0.22,0,0,0,0,0.823751502,1.549886987,0,0,0,0,0,0,0,0.01,0,0,0,0,0,0,0.01,0,0,0,0,0,0,0,0,0,0,4.74,0,0,0,0,0,0,0,0,0,3.75,0,0,0,0,0,0,0,0,0,0,0,0,0,11.10363849
98,CL00070,Podila_horticola,PodHor,0,0,0.01,0,0,0.11,0,0,0,0,0,0,0,0.01,0,0,0.01,0.15,0,0.47,0.019409938,0.11,0,0,0,0,0,0,0,0.12,0,0,0,0.02,0,0.04,0,0,0,0,0,0,0,0.03,0,0.011344299,0,0.050083472,0.44,0.1,0,0.19,0,0,0,1.23,0.05,7.48,0.04,0.04,10.73083771
100,CL00056,GS29_sp,c_Aga056,0,0,2.76,7.49,0,0,0,0,0,0,0,0,0,0,0,0,0,0.01,0,0.16,0,0,0,0,0,0,0,0,0,0,0,0,0,0,0,0,0,0,0,0,0,0,0,0,0,0,0,0,0,0,0,0,0,0,0,0,0,0,0,0,10.42
101,CL00095,Chloridium_caudigerum,ChlCau,0,0,0.12,0,0,0.04,0,0,0,0,0,0,0,0,0,0,0,0.17,0,0,0,0.03,0,0,0,0,0,0,0,0.06,0,0,0,8.01,0,1.01,0,0,0,0,0,0,0,0,0,0,0,0,0,0.04,0,0,0,0,0,0.45,0,0,0,0.38,10.31
102,CL00100,Chaetomiaceae_sp,f_Cha100,0.03,1.455497382,0,0,0,0.77,0,0,0,0,0,0,0,0,0,0,0,0,0,0.42,0.155279503,0.2,0,0,0,0,0,0,0,0.25,0,0,6.98,0,0,0,0,0,0,0,0,0,0,0,0,0,0,0,0,0,0,0,0,0,0,0,0,0,0,0,10.26077689
107,CL00201,Pezizaceae_sp,f_Pez201,0,0,0,0,0,0,0,0,0,0,0,0,0,0,0,0,0,0,0,0,0,0,0,10.03117944,0,0,0,0,0.16,0,0,0,0,0,0,0,0,0,0,0,0,0,0,0,0,0,0,0,0,0,0,0,0,0,0,0,0,0,0,0,10.19117944
104,CL00128,Schizothecium_sp,Sch128,0,1.706806283,0.01,0,0,1.36,0,0,0.02,0.01716149,0,0,0,0.07,0,0.09,0.01,0.1,0,0.01,0,0.44,0.07,0,0,0.01,0.01,0,0.1,4.83,0,0,0,0,0,0,0,0,0,0.01,0.04,0,0,0,0,0.034032898,0,0.066777963,0,0.02,0.01,0.02,0,0,0,0,0,1.01,0,0,10.06477863
105,CL00054,Hyaloscypha_sp,Hya054,0,0,0,0,0,0,0.59,0.12,0,0,0,0,0,0,0,0,0,0,0,0,0,0,0,0,0.03,0.33,0,1.46,0,0,0,0,0,0,0,0,0,1.64,0.06,0,0,0,0,0,0,0,0,0,0,0,0,0,4.13,1.45,0,0,0,0,0,0,9.81
106,CL00094,Sordariales_sp,o_Sor094,0,0,0,0,0,0,1.85,0.23,0.75,0,0.624260037,0.04,0,0,0,0,0,0,0.05,0,0,0,0,0,0,0,0.92,0.04,0,0,0,0,0,0,0,0,0.74,0.09,0.8,1.79,0,0,0,0,0,0,0.07,0,0,0,0,0,1.42,0.33,0,0,0,0,0,0,9.744260037
112,CL00145,Sympodiella_sp,Sym145,0,0,0,0,0,0,0,0,0,0,0,0.16,0.03,4.41,0.01,0,0.02,0,0,0.13,0,0,0,0,0,0,0,0,0,0,0.39,0,0,0,0.561797753,0.1,0.03,0,0,0,0,0,0,0.05,0.050377834,0.022688599,0,0,0,0,0,0.02,0,0,0,0,0,0,0,3.6,9.584864186
108,CL00139,Leotiomycetes_sp,c_Leo139,0,0,0,0,0,0,0,0,0,0,0,0,0,0,0,0,0,0,0,0,0,0,0,0,0,0,0,0,0,0.03,0,0,0,0,0,0,0,0,0,0,0,0,0,0,0,0,0,0,0,0,0,0,0,0,0,7.73,0,1.7,0,0,9.46
110,CL00086,Mortierella_sp,Mor086,0,0,0.15,0,0,0.27,0,0,0,0,0,0.01,0,0,0,0.02,0,0.02,0,0,0,0,0,0,0,0,0,0,0,0.03,0,0,0,0,0,0.04,0,0,0,0.01,0.09,0.02,0,0.02,0,0,0,0,0.97,0.11,0,0.02,0,0,0,1.2,1.21,5,0,0.21,9.4
111,CL00077,Leotiomycetes_sp,c_Leo077,0,0,0,0,0,0,0.38,2.27,0,0,0,0,0,0,0,0,0,0,0,0,0,0,0,0,0,0.01,0,0,0,0,0,0,0,0,0,0,0.01,6.61,0,0.01,0,0,0,0,0,0,0,0,0,0,0,0,0,0,0,0,0,0,0,0,9.29
113,CL00097,Chaetosphaeria_sp,Cha097,0,0,0,0,0,0,0.1,0.14,0,0,0,0,0,0,0,0,0,0,0,0,0,0,0,0,0,5.09,0,0.03,0,0,0,0.118553646,0,0,0,0,0.12,0.3,0.09,2.54,0.04,0,0.094428706,0,0,0,0,0,0,0,0,0,0.02,0.59,0,0,0,0,0,0,9.272982352
114,CL00178,Serendipita_sp,Ser178,0,0,0,0,0,0,0,0,1.47,0,0.602733828,0,0,0,0,0,0,0,0.21,0,0,0,0,0,0,0,0,0,0,0,0,0,0,0,0,0,6.41,0,0,0.47,0,0,0,0,0,0,0,0,0,0,0,0,0,0,0,0,0,0,0,0,9.162733828
120,CL00119,Vishniacozyma_carnescens,VisCar,0.16,0.314136126,0.03,0,0.15,1.23,0.01,0.03,0.01,0,0.010763104,0,1.14,0.26,0.11,0.22,0.18,0.06,0,0.4,0,0.26,0.64,0.150521449,0,0.02,0,0,0.3,0.55,0.43,0.276625173,0.11,0.12,0.280898876,0.02,0,0.01,0.07,0,0.01,0.01,0.047214353,0.11,0,0.113442995,0.02,0.300500835,0.05,0.01,0.01,0.27,0.01,0,0,0.07,0.19,0.22,0.01,0.15,9.154102911
117,CL00218,Serendipita_sp,Ser218,0.02,6.523560209,0,0,0,0,0,0,0,0,0,0,0,0,0,0,0,0,0,0,0,0,0,0.05375766,0,0,0,0,0,0,0,0,0,0,0,0,0,0,0,0,0,0,0,0,2.005037783,0,0,0,0,0,0.48,0.01,0,0,0,0,0,0,0,0,9.092355653
116,CL00084,Conioscyphaceae_sp,f_Con084,0,0,0,0,0.21,0,5.13,0.04,0,0,2.131094608,0,0,0,0.17,0,0.03,0,0,0,0,0,0,0,0,0,0,0,0,0,0,0.019758941,0,0,0,0,0,0,0,0,0,0,0,0,1.219143577,0.011344299,0,0,0,0,0,0,0.09,0.01,0,0,0,0,0.02,0,9.081341425
115,CL00099,Chloridium_chlamydosporum,Chl099,0,0,0,0,0.01,0,0.37,0.23,0,0,0,1.48,0,0.03,0.01,0,0.01,0,0,2.22,0,0,0,0,0,1.53,0,0,0,0,0,0.197589409,0,0.09,0.025536261,0,0,0.27,0,0,0,0,0,2.35,0,0,0,0,0,0,0,0,0,0.24,0,0,0,0,0,0,9.063125671
119,CL00112,Serendipita_sp,Ser112,0.24,0,0.63,0.84,0.05,0,0,0,0,0,0.118394145,0,0.44,0.78,0.29,0.05,0.1,0.51,0,0.39,0.038819876,0,0.11,0,0,0,0,0,0,0.17,0,0,0.17,0.14,0.536261491,0,0,0,0,0,0.21,0.19,0,0.08,0.040302267,0.090754396,0.03,0,0.45,0.01,1.36,0.68,0,0,0,0,0.24,0.03,0,0.01,9.024532175
127,CL00214,Auriculariaceae_sp,f_Aur214,0,7.717277487,0,0,0,0,0,0,0,0,0,0,0,0,0,0,0,0,0,0,0.621118012,0.04,0,0.150521449,0,0,0,0,0.37,0.05,0,0,0,0,0,0,0,0,0,0,0,0,0,0,0,0,0.05,0,0,0,0,0,0,0,0,0,0,0,0,0,8.998916949
121,CL00106,Periconia_sp,Per106,0.06,0.104712042,0.05,0,0.01,0.34,0,0,0,0,0.010763104,0,2.51,0.47,0.01,0.08,0.05,0.06,0.02,0.14,0.194099379,0.56,0.66,0.021503064,0,0,0,0,1.1,0.34,0,0,0.02,0.04,0.076608784,0,0,0,0,0,0.17,0.08,0.047214353,0,0.0302267,0.011344299,0.05,0.20033389,0.24,0.01,0.18,0.06,0,0,0,0.36,0.26,0.15,0.02,0.07,8.866805616
118,CL00105,Cyphellophora_sp,Cyp105,0.02,0.031413613,0,0,0.02,0.2,0,0,0,0.01716149,0,0,0.06,0.2,0.02,0.83,0,0,0,0.17,0,0,0,0.032254596,0,0,0,0,0,0.13,0,0,0,1.56,0.229826353,1.64,0,0,0,0,0,0.18,0,0,0.080604534,0,0,0.100166945,0.04,0.42,0.09,2.74,0,0,0,0,0,0.02,0,0.02,8.851427531
122,CL00127,Schizothecium_sp,Sch127,0.07,0.942408377,1.56,0,0,0.64,0,0,0,0,0,0,0,0.01,0,0.88,0.02,0.61,0,0,0,0.06,0,0.032254596,0,0,0,0,0.02,0.07,0,0,1.11,0.81,0,0,0,0,0,0,0.05,0.03,0,0.02,0,0.419739081,0.01,0.267111853,0.1,0.44,0.01,0.26,0,0,0,0.13,0.02,0.06,0,0.07,8.721513907
126,CL00091,Pezoloma_sp,Pez091,0,0,0,0,0.59,0,0,0,0,0.566329157,0.172209665,0,0,0.02,0,0,0,0,1.94,0,0,0,0,0,2.68,0.38,0,0,0,0,0,0,0,0,0,0,2.11,0.01,0,0,0,0,0,0,0,0,0.14,0,0,0,0,0,0,0,0,0,0,0,0,0,8.608538823
336,CL00550,Serendipita_sp,Ser550,0,0,0,0,0,0,0,0,0,0,0.861048326,0,0,0,0,0,0,0,0,0,0,0,0,0,0,0,0,0,0,0,0,0,0,0,0,0,0,0,0,0,0,0,7.695939566,0,0,0,0,0,0,0,0,0,0,0,0,0,0,0,0,0,8.556987892
124,CL00151,Hyaloscyphaceae_sp,f_Hya151,0.23,0.261780105,0,0,0,0,0,0,0,0,0,0,0.08,0.14,2.49,0.01,0.13,0.06,0,0,0.019409938,0,2.53,0,0,0,0,0,0.37,0.18,0,0,0.58,0,0,0,0,0,0,0,0.06,0,0,0,0.705289673,0.090754396,0,0,0,0,0.61,0,0,0,0,0,0,0,0,0,8.547234111
123,CL00087,Leotiales_sp,o_Leo087,0,0,0,0,0,0,0,0,0,0,0,0,0,0,0,0,0,0,0,0,0,0,0,0,0,0,0,0,0,0,0,0,0,0,0,0,0,0.59,0,0,0,0,0,0,0,0,0,0,0,0,0,0,7.66,0.26,0,0,0,0,0,0,8.51
128,CL00122,Periconia_delonicis,PerDel,0.01,0.282722513,0,0,0,1.02,0,0,0,0,0,0,0.35,0,0,0.09,0.51,0.54,0,0,0.232919255,0.01,0.07,0,0,0,0,0,0.05,0.09,0,0,0.01,3.94,0,0,0,0,0,0,0.02,0,0,0.09,0.100755668,0.113442995,0,0,0.21,0.06,0.6,0.02,0,0,0,0.02,0,0.01,0,0,8.44984043
192,CL00346,Sistotrema_sp,Sis346,0,0,0,0,0,0,0,0,0,0,0.021526208,0,0,0,0,0,0,0,0,0,0,0,0,0,0,0,0,0,0,0,0,0,0,0,0,0,0,0,0,0,0,0,0,0,0.100755668,0,0,8.297161937,0,0,0,0,0,0,0,0,0,0,0,0,8.419443812
125,CL00148,Ustanciosporium_appendiculatum,UstApp,0,0,0,0,0,0,0.26,0,0,0,0,0,0,0,0,0,0,0,0,0,0,0,0,0,0,0,8.13,0,0,0,0,0,0.01,0,0,0,0,0,0,0,0,0,0,0,0,0,0,0,0,0,0,0,0,0,0,0,0,0,0,0,8.4
129,CL00146,Orbilia_multiformis,OrbMul,1.48,0.031413613,0,0,0.03,0,0,0,0,0,0,0,0,0,0.15,0,0.02,0,0,0,0.058229814,0,1.24,0.064509193,0,0,0,0,0.07,0,0,0,0.68,0,0,0,0,0,0,0,0.14,0,0,0,0,0,0,0.183639399,0.05,0,0.52,0,0,0,0,0,2.18,0,1.49,0,8.387792018
131,CL00163,Scolecobasidium_sp,Sco163,0,0,0,0,0,0,0,0,0.05,0.01716149,0.742654181,0,0,0,0,0,0,0,1.73,0,0,0,0,0,0,0,0,0,0,0,0,0,0,0,0,0,5.44,0,0,0.1,0,0,0.236071766,0,0,0,0,0,0,0,0,0,0,0,0,0,0,0,0,0,8.315887437
154,CL00172,Pyrenochaeta_sp,Pyr172,0,0,0,0,0,0.04,0,0,0,0,0,0,0,0,0,0,0.08,0,0,0,1.067546584,1.7,0.02,0.086012257,0,0,0,0,0.02,0.04,0.19,0,0,0.35,0.076608784,0,0,0,0,0,0.4,0,0,0,0.130982368,0,0,2.721202003,0.53,0.16,0,0,0,0,0,0.03,0,0.54,0,0.03,8.212351996
130,CL00102,Tylospora_sp,Tyl102,0.01,0,0,0,0,0,0,0,0,0,0,0,0,0,0,0,0,0,0,0,0,0,0,0,0,5.55,0,0.03,0,0,0.47,0,0,0,0,0,0,2.09,0,0,0.01,0,0,0,0,0,0,0,0,0,0,0,0,0,0,0,0,0,0,0,8.16
132,CL00144,Stagonospora_sp,Sta144,0.09,0,0,0,0,0,0,0,0,0,0,0,0,0,7.32,0,0,0.21,0,0,0,0,0,0,0,0,0,0,0.05,0.24,0,0,0.1,0,0,0,0,0,0,0,0,0,0,0,0,0,0,0,0,0,0,0,0,0,0,0,0,0,0,0,8.01
197,CL00353,Thelephora_terrestris,TheTer,0,0,0,0.01,0,0,0,0,0.05,7.671185859,0,0,0,0,0,0,0,0,0.01,0,0,0,0,0,0,0,0,0,0,0.02,0,0,0,0,0,0,0.03,0,0,0.16,0,0,0,0,0,0,0,0,0,0,0,0,0,0,0,0,0.01,0,0,0,7.961185859
133,CL00147,Lophodermium_piceae,LopPic,0,0,1.44,0,0,0,0,0,0,0,0,0,0,6.09,0,0,0,0,0,0.01,0.019409938,0,0,0,0,0,0,0,0,0,0,0,0,0,0,0,0,0,0,0,0,0,0,0,0,0,0,0,0.02,0.22,0.05,0,0,0,0,0,0.02,0,0.03,0.05,7.949409938
174,CL00175,Oehlia_sp,Oeh175,0,0,0,0.04,0,0,0.39,0.03,0,0,0.129157249,0.02,0,0,0.01,0,0,0,0,0,0,0,0,0,0,0,0,0,0,0,0,0,0,0.01,0,0,0,0.11,0.27,0.95,0.11,0,2.974504249,0.01,0,0,0,0,0.28,0,0,0,0.09,0.5,0.88,0,0.16,0,0.96,0,7.923661498
134,CL00167,Neoascochyta_sp,Neo167,0,0,0,0,0,0,0,0,0,0,0,0,0.28,7.47,0,0.12,0,0.02,0,0,0,0,0,0,0,0,0,0,0,0,0,0,0,0,0,0,0,0,0,0,0,0,0,0,0,0,0,0,0,0,0,0,0,0,0,0,0,0,0,0,7.89
135,CL00096,Entoloma_tortiliforme,EntTor,0,0.439790576,0,0,0,0.08,0,0,0,0,0,0,0,0,0,0,0,0,0,0,0,0.08,0,0,0,0,0,0,0,0,0,0,0,0,0,0,0,0,0,0,0,0,0,0,0,0,0,0,0.01,7.18,0,0.03,0,0,0,0.05,0,0,0,0,7.869790576
136,CL00131,Chalara_pseudoaffinis,ChaPse,0,0,0,0,0,1.13,0,0,0,0,0,0,0,0,0,0,0,0.04,0,0,0,0.15,0,0,0,0,0,0,0,0.06,0,0,0,0.48,0,0,0,0,0,0,0.07,0,0,0.01,0.685138539,0.011344299,0,0,0.53,1.3,0,0,0,0,0,0.3,0.01,0.49,2.58,0,7.846482839
151,CL00213,Branch03_sp,p_Roz213,0,0,0,0,0,0,0,0,0,0,0,0,0,0,0,0,4.38,0.17,0,0.01,0,0,0,0,0,0,0,0,0,0.74,0,0,0,0,1.864147089,0,0,0,0,0,0,0,0,0,0.544080605,0.090754396,0,0,0,0,0,0,0,0,0,0,0,0,0,0,7.798982089
138,CL00157,Trichoderma_asperellum,TriAsp,0.05,0.083769634,1.24,0.06,0.12,0.12,0,0.11,0,0,0,0.48,0.02,0.02,0.1,0.02,0.02,0.03,0,0.29,0.27173913,0.08,0,0,0,0.04,0,0,0,0.02,0,0,0,0.05,0,0,0,0.01,0,0,0.01,2.52,0,0.02,0.070528967,0.056721497,0,0.150250417,0.02,0.09,0.76,0.1,0,0.01,0.02,0.3,0,0.08,0,0.15,7.593009646
137,CL00075,Hypholoma_elongatum,HypElo,0,0,0,0.17,0,0,0,0,1.92,0.102968938,0,0,3.29,0.13,0,0,0,0,0.12,0,0,0,0,0,1.85,0,0,0,0,0,0,0,0,0,0,0,0,0,0,0,0,0,0,0,0,0,0,0,0,0,0,0,0,0,0,0,0,0,0,0,7.582968938
144,CL00190,Cistella_sp,Cis190,0.01,0.010471204,0,0,0,0.09,0,0,0,0,0,0,0,0,0,0,0,0,0,0,0.931677019,0.03,1.71,0,0,0,0,0,0.14,0.16,0,0,0,0,0,0,0,0,0,0,0,0,0,0,0,0,0,0.050083472,0,0,0,0,0,0,0,0.94,0,0,3.51,0,7.582231695
139,CL00129,Didymocyrtis_cladoniicola,DidCla,0.8,0,0.34,0.09,0.03,0.2,0.04,0.04,0,0,0,0.03,1.21,0.19,0.16,0.07,0.46,0.02,0,0.17,0.213509317,0.05,0.24,0.075260725,0,0,0,0,0.56,0.18,0.32,0.019758941,0.06,0,0.102145046,0,0,0,0,0,0.04,0.01,0,0,0.110831234,0.113442995,0.07,0.050083472,0.08,0.05,0.5,0.14,0.03,0,0.02,0.05,0.05,0.06,0.53,0,7.57503173
147,CL00162,Vishniacozyma_sp,Vis162,0.04,0.115183246,0.02,0,0.2,0.4,0,0,0,0,0,0,0.07,0,0.06,0,0.04,0,0,0.05,0.077639752,0.15,2.41,0,0,0,0,0,0.4,0.64,0.01,0.237107291,0.04,0.09,0.025536261,0,0.02,0,0.04,0,0.27,0,0.141643059,0.04,0,0.068065797,0.05,0.467445743,0.32,0.05,0.07,0.04,0,0,0,0,0.13,0.18,0.52,0.01,7.492621149
143,CL00135,Trichoderma_koningiopsis,TriKon,0,0,0.46,0.2,1.39,0.61,0,0.37,0.05,0.01716149,0.075341729,0.23,0.11,0.13,0.14,0.06,0.01,0.03,0.13,0.98,0,0.02,0,0.118266853,0.05,0.19,0.02,0.02,0,0.12,0,0.573009287,0,0.11,0,0.01,0.02,0.16,0,0,0,0.03,0,0.03,0,0,0,0,0,0.24,0,0.02,0.01,0.01,0.63,0,0,0,0,0.06,7.433779358
140,CL00154,Solicoccozyma_terricola,SolTer,0,0.010471204,0.31,0,0,0.16,0,0.01,0,0,0,0.15,0,0,0,0.02,0,0.84,0.02,0.69,0,0,0,0.086012257,0,0,0,0,0,0.14,0,0.019758941,0,0.03,0,0.04,0,0,0,0.03,0.03,0.07,0.094428706,0.43,0.060453401,0,0,0.066777963,0,0.05,0.01,0.15,0,0,0,0.08,0.11,0.33,0,3.38,7.417902472
184,CL00263,Hermatomycetaceae_sp,f_Her263,0,0,0,0,0,0.02,0,0,0,0,0,0,0,0,0.02,0,0.01,0,0,0,0.038819876,0.4,0.01,0,0,0,0,0,0,0,0,0,0,0.32,0,0,0,0,0,0,0.12,0,0,0,1.168765743,0,0,5.041736227,0.07,0.14,0,0,0,0,0,0.02,0.02,0,0,0,7.399321846
166,CL00247,Rickenella_fibula,RicFib,0,0,0,0,0.59,0.04,0.01,0,0,0,2.550855667,0.01,0,0,0,0,0,0,0,0.02,0,0,0,0,0,0.01,0,0,0,0.01,0,0,0,0,1.762002043,0,0.05,0,0,0,0,0,0,0,0,0,2.29,0,0,0.04,0,0,0,0,0.01,0,0,0,0,0,7.39285771
141,CL00171,Hymenoscyphus_sp,Hym171,0,0.010471204,0,0,0,0,0,0,0,0,0,0,0,0.08,0,7.18,0,0,0,0,0,0,0,0,0,0,0,0,0,0,0,0,0,0,0,0,0,0,0,0,0,0,0,0,0,0,0,0,0,0,0,0,0,0,0,0,0,0,0,0,7.270471204
145,CL00143,Cystodendron_sp,Cys143,0.04,0.481675393,1.24,0.31,0.01,0.55,0,0,0,0,0,0,0.15,0.01,0.01,0.36,0.05,0.39,0,0.58,0,0.16,0,0,0,0,0,0,0,0.13,0,0,0,0,0,0,0,0,0,0,0.23,1.1,0.141643059,0,0.080604534,0.011344299,0,0.083472454,0.23,0.13,0.09,0.26,0,0,0,0.1,0.16,0.13,0,0,7.21873974
155,CL00173,Achroceratosphaeria_sp,Ach173,0,0.146596859,0,0,0.03,0.05,0,0,0,0,0,0,0,0,0.28,0.4,0,0.48,0,0.22,0.038819876,0.01,0.13,0.021503064,0,0,0,0,0.06,0.09,0.03,0.197589409,0,0.06,0.791624106,0,0,0,0,0,2.27,0,0,0,0,0.158820193,0.7,0.133555927,0.3,0.01,0,0.07,0,0,0,0.37,0.11,0,0.04,0,7.198509433
146,CL00130,Pyrenophora_triseptata,PyrTri,0.14,0.157068063,1.2,1.68,0.01,0.44,0,0,0,0,0,0,0,0,0.02,0.02,0,0.17,0,0,0.097049689,1.44,0,0,0,0,0,0,0.02,1.23,0,0,0,0,0,0,0,0,0.22,0.07,0.05,0.04,0,0,0.010075567,0,0.01,0.016694491,0,0.05,0,0,0,0.01,0,0,0,0,0,0,7.10088781
153,CL00202,Pleosporales_sp,o_Ple202,0,0,0,0,0,0.36,0,0,0,0,0,0,0,0,0,0.01,0,0,0,0,0,0.03,0.03,0.150521449,0,0,0,0,0,0,0,0,0,0,0,0,0,0,0,0,0,0.01,0,0,0,0,0,1.285475793,0,0,0,0,0,0,0,0,4.7,0.51,0,0,7.085997242
150,CL00153,Rhizophydiales_sp,o_Rhi153,0.01,0.031413613,0,0,0.12,0.41,0,0,0,0,0,0,0,0,0,0,0.35,0.36,0,0.35,0.116459627,0.04,0,0.032254596,0,0,0,0,0.21,0.32,0.51,0.039517882,0,0,0,0.01,0,0,0,0,0.12,0.04,0.283286119,0,0.020151134,0.068065797,0.01,0.116861436,0.8,0.12,0.11,0.03,0,0,0.03,0.52,0.12,0.85,0.72,0.16,7.028010203
148,CL00103,Meliniomyces_sp,Mel103,0,0,0,0,0,0,0,0,4.74,0.188776386,0,0,0,0,0,0,0,0,1.79,0,0,0,0,0,0,0,0,0.01,0,0,0,0,0,0,0,0,0,0.25,0,0,0,0,0,0,0,0,0,0,0,0,0,0,0,0,0,0,0,0,0,0,6.978776386
157,CL00152,Arachnopeziza_aurata,AraAur,0,0,0,0.19,1.23,0,0.01,0.67,0,0,0.699601765,0.11,0,0,0.17,0,0.21,0,0,0,0.077639752,0,0,0,0,0,0,0.7,0.04,0.96,0,0.019758941,0.09,0.22,0.536261491,0,0,0,0,0.08,0.29,0,0.094428706,0,0.322418136,0.034032898,0.06,0,0,0,0.04,0,0,0,0.05,0,0,0,0.01,0,6.91414169
169,CL00199,Neptunomyces_sp,Nep199,0.19,0.418848168,0.02,0,0,0.05,0,0,0,0,0,0,0.21,2.12,0,0.56,0.09,0.65,0,0.22,0,0,0.01,0.010751532,0,0,0,0,0,0.21,0,0,0,0,0,0,0,0,0,0.1,0,0,0,0,0,0,0,1.969949917,0,0.05,0,0.02,0.01,0,0,0,0,0,0,0,6.909549616
149,CL00141,Menispora_ciliata,MenCil,0,0,0.08,0,0,0,1.42,0,0,0,0,0,0.27,3.69,0,0.4,0,0,0,0.02,0,0,0,0,0,0,0,0.03,0,0,0,0,0,0.38,0,0,0,0,0,0,0,0.2,0,0,0,0,0,0,0,0.17,0,0,0,0,0,0,0,0,0,0.03,6.69
152,CL00136,Linnemannia_elongata,LinElo,0,0.104712042,0,0,0,0.19,0,0,0,0,0,0,0,0,0.14,0.09,0,0.63,0,0.33,0,0.05,0.01,0,0,0,0,0,0,0.11,0,0.019758941,0.04,0.01,0,0,0,0,0,0,0.45,0.01,0,0,0.0302267,0.022688599,0,0.033388982,1.31,0.12,0,0.11,0,0,0.01,1.16,0,1.55,0.03,0.05,6.610775264
224,CL00194,Renatobasidium_sp,Ren194,0,0,0.1,0,0,0,0,0,0,0,0,0.05,0.94,0.34,0,0,0,0,0,0,0,0,0,0,0,0,0,0,0,0,0,0,0,0,0,0,0,0.11,1.11,0,0,0,3.068932956,0.41,0,0,0,0,0,0.15,0,0,0,0.25,0,0,0,0,0,0,6.528932956
163,CL00184,Tremellodendropsidales_sp,o_Tre184,0,0,0,0,0,0.13,0,0,0,0,0,0,0,0,0,0,0,0,0,0,0.174689441,0.02,0.18,0,0,0,0,0,1.59,0,0.77,0.296384114,0,0,0.051072523,0,0,0,0,0,0,0,0,0,1.158690176,0,0.77,0,0,0,0,0,0,0,0,0,0,0.84,0,0.51,6.490836254
156,CL00265,Phaeotremella_sp,Pha265,0,0,0,0,0,0,0,0,0,0,0,0,0,0,0,0,0,0,0,0,0,0,0,0,0,0,0,0,0,0,0,0,0,0,0,0,0,0,0,0,0,0,0,6.48,0,0,0,0,0,0,0,0,0,0,0,0,0,0,0,0,6.48
158,CL00189,Oehlia_sp,Oeh189,0,0,0,0.02,0,0,0.29,0.1,0,0,0.05381552,0.01,0,0,0,0,0.01,0.01,0,0,0,0,0,0,0,0.01,0,0,0,0,0,0,0,0.01,0,0,0,0.05,0.16,1.06,0.04,0,0,0,0,0,0,0,0.1,0,0,0,0.06,0.33,1.06,0,2.9,0,0.09,0,6.36381552
159,CL00216,Oliveonia_sp,Oli216,0,0,0,0,0,0,0,0,0,0,0,0,0.01,0,0.05,0,0.36,0.4,0,0,0,0,0.01,0,0,0,0,0,0,0.02,0,0,0,0.24,0,0,0,0,0,0,0,0.68,0,0,0.100755668,0.022688599,0,0.016694491,0.15,0,0.2,0.18,0,0,0,0,0.01,0.07,3.78,0,6.300138757
160,CL00124,Meliniomyces_sp,Mel124,0,0,0,0,0,0,0,0,0.02,0,0,0,0,0,0.02,0,0,0.13,0,0,0,0,0,0,1.74,2.11,0.01,0,0,0,0,0,0,0.37,0,0,0,0,0.76,0,0,0,0,0,0.272040302,0,0,0,0,0,0,0,0.81,0.03,0.01,0,0,0,0,0,6.282040302
162,CL00140,Hyaloscypha_sp,Hya140,0,0,0.11,0,0,0,0,0,0,0,0,0,2.85,2.59,0,0.01,0,0.02,0,0.33,0,0,0,0,0,0,0,0,0,0,0,0,0,0,0,0,0,0,0,0,0,0,0,0,0,0.340328985,0,0,0,0,0.01,0.02,0,0,0,0,0,0,0,0,6.280328985
170,CL00113,Anguillospora_filiformis,AngFil,0,0,0,1.92,0,0,0,0.02,0.06,0.46336022,0,0,2.56,0,0,0,0,0,0,0,0,0,0,0,0,0.52,0.2,0,0,0,0,0,0,0,0,0,0,0.04,0.37,0,0,0,0,0,0,0,0,0,0,0,0,0,0.04,0.08,0,0,0,0,0,0,6.27336022
161,CL00185,Rhizophydiales_sp,o_Rhi185,0,0,0,0,0,0,0,0,0,0,0,0,0,0,0,6.25,0,0,0,0,0,0,0,0,0,0,0,0,0,0,0,0,0,0,0,0,0,0,0,0,0,0,0,0,0,0,0,0,0,0,0,0,0,0,0,0,0,0,0,0,6.25
164,CL00150,Rutstroemia_sp,Rut150,0,0,0,0,0,0.12,0,0,0,0,0,0,0,0,0,0,0.02,0,0,0,0,0,0,0,0,0,0,0,0,0.48,0,0,0,5.55,0,0,0,0,0,0,0,0,0,0,0,0,0,0,0,0.04,0,0,0,0,0,0,0,0,0,0,6.21
168,CL00272,Serendipita_sp,Ser272,0,0,0,0,0,0,0,0,0,0,0,0,0,0,0,0,0,0,0,0,0,0,0,0,0,0,0,0,0,0,0,0,0,0,0,0,0,0.03,0,6.08,0,0,0.094428706,0,0,0,0,0,0,0,0,0,0,0,0,0,0,0,0,0,6.204428706
165,CL00090,Oidiodendron_sp,Oid090,0,0,0,0,0,0,0.09,0.43,0.01,0,0,2.04,0,0,0,0,0,0,0.53,0.44,0,0,0,0,0,0.05,0.03,2.35,0,0,0,0,0,0,0,0,0,0.23,0,0,0,0,0,0,0,0,0,0,0,0,0,0,0,0,0,0,0,0,0,0,6.2
173,CL00291,Subulicystidium_sp,Sub291,0,4.12565445,0,0,0,0.05,0,0,0,0,0,0,0,0,0,0,0,0,0,0,0,0.07,0,0,0,0,0,0,0,0,0,0,0,0,0.459652707,0.01,0,0,0,0,0,0,0,0.01,0.453400504,0,0,0.40066778,0.02,0,0,0,0,0,0,0.6,0,0,0,0,6.199375441
167,CL00133,Serendipita_sp,Ser133,0,0,0,0,0,2.56,0,0,0,0,0,0,0,0,0,0,0,0,0,0,0,0,0,0,0,0,0,0,0,0.04,0,0,0,0,0,0,0,0,0,0,0,0,0,0,0.010075567,0,1.44,0,0.11,1.69,0,0,0,0,0.02,0.12,0,0.14,0,0,6.130075567
191,CL00233,Penicillium_rolfsii,PenRol,0,0,0.04,0,0.26,0.02,0.19,0,0,0,0.05381552,0,0,0,0,0,0.17,0,0,0.21,0.058229814,0.02,0,0,0.02,0,0,0,0,0,0.14,1.521438451,0,0,0,0,0.18,0.05,0.12,0,0,0,0.141643059,0.03,0,0,2.44,0,0.01,0,0,0,0.03,0.02,0.27,0,0,0,0.02,0,6.015126844
171,CL00109,Hyaloscyphaceae_sp,f_Hya109,0,0,0,0,0,0,0,0,0,0,0,0.08,0,0,0,0,0,0,0,0,0,0,0,0,0,0,0,0,0,0,0,0,0,0,0,0,0,5.71,0,0,0,0,0,0,0,0,0,0.016694491,0,0,0,0,0,0,0,0,0,0,0,0,5.806694491
176,CL00161,Neoascochyta_paspali,NeoPas,0.05,0.020942408,0.02,0,0.02,0.58,0,0,0,0,0.021526208,0.17,0.14,0.27,0,0.53,0.03,0,0,0.03,0.097049689,0.87,0,0.494570476,0,0,0,0,0,0,0,0.177830468,0,0,0,0,0,0,0,0,0,0.02,0,0,0,0,0,0.033388982,0,0,0.01,0.03,0,0,0,0,0,2.12,0,0.01,5.745308232
189,CL00137,Entoloma_mougeotii,EntMou,0,0,0,0,0,0,0,0,0,0,0,0,0,0,0,0,0,0,0,0,1.222826087,0,0,0,0,0,0,0,0,0,0,0,0,0,0,0,0,0,0,0,0,0,0,0,0,0,1.17,0,3.21,0,0,0,0,0,0.06,0,0.06,0,0,0,5.722826087
186,CL00212,Hyaloscypha_sp,Hya212,0,0,0,0,0,0,0,0,0.03,0.823751502,0,0,0,0,0,0,0,0,0.12,0,0,0,0,0,0,0,0,0,0,0,0,0,0,0,0,0,3.35,1.34,0,0,0,0,0,0,0,0,0,0,0,0,0,0,0,0,0,0,0,0,0,0,5.663751502
177,CL00282,Tomentella_sp,Tom282,0,0.994764398,0,0,0,0,0,0,0,0,0.742654181,0,0,0,0.72,0,0.18,0.01,0,0,0,0,0,0,0,0,0,0,0,0,0,0,0.02,0,0,0,0,0,0,0,0,0,0,0,0,0.022688599,0,0,0,0,2.89,0.06,0,0,0,0,0,0,0,0,5.640107178
181,CL00217,Pleosporales_sp,o_Ple217,0,0,0,0,2.95,0,0.01,1.78,0,0,0.021526208,0,0,0,0,0,0,0,0,0,0,0,0,0,0,0.04,0,0.07,0,0,0.01,0.395178818,0,0.02,0,0,0.32,0,0,0,0,0,0,0,0,0,0,0,0,0,0,0,0,0,0,0,0,0,0,0,5.616705027
172,CL00183,Rhizophagus_sp,Rhi183,0,0,0.01,0.02,0.23,0,0,0,0,0,0.258314498,0,0.01,0.09,0,0,0,0,0,1.54,0,0,0,0,0,0.02,0,0.01,0,0,0,0,0,0,0,0,0,0.01,0,0.78,0,1.87,0,0.12,0,0,0,0,0,0,0,0,0,0,0.14,0,0,0,0,0.5,5.608314498
179,CL00308,Entoloma_sericeum,EntSer,0,0,0,0,0,0.17,0,0,0,0,0,0,0,0,0,0,0,0,0,0,0.058229814,0.01,0,0,0,0,0.01,0,0,0.08,0,0,0,0,0,0,0,0,0,0,0,0,0,0,5.098236776,0,0,0.066777963,0,0,0.01,0,0,0,0,0.07,0,0,0,0,5.573244553
175,CL00125,Hyaloscypha_sp,Hya125,0,0,0,0,0,0,1.45,0.03,0,0,0,0,0,0,0,0,0,0,0,0,0,0,0,0,0.01,0.07,0,0,0,0,0,0,0,0,0,0,0,0.48,1.5,0,0,0,0,0,0,0,0,0,0,0,0,0,1.63,0.4,0,0,0,0,0,0,5.57
178,CL00208,Discosia_artocreas,DicArt,0,0,0,0,0,0,0,0,0.09,0,0,0,0,0,0,0,1.64,0,0,0,0,0.18,0,0,0,0,0,0,1.88,0,0,0,0,0,0,0.03,0,0,0,0,0,0,0,0,0,0,0,0,0,0,1.71,0,0,0,0,0,0,0,0,0,5.53
182,CL00253,Entorrhizomycota_sp,p_Ent253,0,0,0,0,0,0,0,0,0,0,0,0,0,0,0,0,0.01,0.43,0,0,0,0,0,0,0,0,0,0,0,0.04,0,0,0,0,0,0,0,0,0,0,0,0,0,0,0.110831234,0,0,0.333889816,0,0,0,0,0,0,0,4.6,0,0,0,0,5.524721051
207,CL00230,Mortierella_sp,Mor230,0,0,0.21,0,0,0.01,0,0.42,0,0.034322979,0.021526208,0.34,0,0.04,0,0,0,0.24,0.3,0.03,0,0,0,0,0,0.04,0,0.04,0,0,0,0.177830468,0,0.01,0,0,0,0.09,0,0,0,0,0.991501416,0.32,0,0.022688599,0,0,0,0,0.01,0.04,0,0.01,0.22,0,0,0,0,1.83,5.447869671
183,CL00126,Acephala_macrosclerotiorum,AceMac,0,0,0,0,0,0,0,0.17,0.48,0.205937875,0,0.03,0,0,0,0,0,0,3.11,0,0,0,0,0,0,0,0,0.2,0,0,1.22,0,0,0,0,0,0,0.02,0,0,0,0,0,0,0,0,0,0,0,0,0,0,0,0,0,0,0,0,0,0,5.435937875
180,CL00195,Rickenella_mellea,RicMel,0,0,0.08,0.1,0,0,0,0,0,0,0,0,0.21,0.35,0,0,0,0,0,0,0,0,1.91,0,0,0,0.01,0,0,0,0,0,0,0,0,0.02,0,0,0,0.21,0.92,0,0,0,0.181360202,0,0.02,0,0,0.01,1.26,0,0,0.12,0,0,0.03,0,0,0,5.431360202
185,CL00120,Podospora_sp,Pod120,0,0,0.01,0,0,0.06,0,0,0,0,0,0,0,0,0,0,0,0,0,3.8,0,0,0,0,0,0,0,0,0,0,0,0,0,0.97,0,0,0,0,0,0,0.13,0.04,0,0,0,0,0,0,0,0.33,0,0,0,0,0,0,0,0,0,0,5.34
199,CL00165,Orbilia_bembicodes,OrbBem,0,0,0.01,0,0.07,0,0,0,0,0,0,0,0,0,0,0,0.07,0.02,0,0,0,0.02,0,0,0,0,0,0,0,0.21,0.03,0.671803991,0,0,0.383043922,0,0,0,0,0,0.16,0,0.047214353,0,0.060453401,0,0.24,0,2.18,0.12,0,0,0,0,0.01,0.36,0.28,0.08,0.29,0,5.312515667
195,CL00250,Hyaloscypha_sp,Hya250,0,0,0.07,0.03,0.03,0.05,0,0,0,0,0,0,0.29,0,0.02,0,0.19,0,0,0,0,0,0.06,0,0,0.16,0.02,0,0,0.35,0,0,0.06,0.14,0.408580184,0,0,0.01,0,0,0.37,0.03,0,0,1.269521411,0.102098695,0.17,0.133555927,0,0.05,0.82,0.03,0.01,0,0.01,0.28,0.1,0,0,0,5.263756216
188,CL00176,Saitozyma_podzolica,SaiPod,0,0.167539267,0.29,0.12,0.04,0.28,0,0.07,0.02,0,0.021526208,0.26,0.02,0,0,0.04,0,0.11,0.05,0.55,0,0.01,0,0,0,0.08,0.02,0.09,0,0.14,0.06,0,0.04,0,0,0.03,0,0.21,0,0.01,0.08,0.22,0,0.27,0.070528967,0.056721497,0,0.20033389,0,0.05,0.12,0.48,0,0,0.03,0.09,0.21,0.37,0,0.28,5.25664983
187,CL00132,Helicoon_pluriseptatum,HelPlu,0,0,0,0,0,0,0.04,0,1.15,0.01716149,0,0,0.3,0,0,0,0,0,1.42,0,0,0,0,0,0.78,0.73,0.6,0,0,0,0,0,0,0,0,0,0.13,0.03,0,0,0,0,0,0,0,0,0,0,0,0,0,0,0,0,0,0,0,0,0,0,5.19716149
198,CL00248,Ganoderma_applanatum,GanApp,0.14,0.701570681,0,0.02,0.09,0.38,0.02,0,0.01,0,0.010763104,0.06,0.01,0,0.01,0.03,0.07,0.04,0,0.02,0.349378882,0.01,0.28,0.107515321,0.04,0.01,0.07,0.02,0.04,0.02,1.75,0.335901996,0.03,0,0.102145046,0,0,0,0,0,0,0,0,0,0,0,0.1,0.033388982,0.06,0,0,0.02,0,0,0,0.01,0.01,0.06,0.1,0,5.170664011
190,CL00220,Clohesyomyces_sp,Clo220,0.75,0.439790576,0,0,0,0,0,0,0,0,0,0,0,0,0.33,0,0.05,0.85,0,0,0,0,0,0,0,0,0,0,0,0,0,0,0.33,0,0,0,0,0,0,0,0.25,0,0,0,0.614609572,0,0,0,0,0,0.25,0,0,0,0,0.03,1.22,0.04,0,0,5.154400148
194,CL00155,Orbiliales_sp,o_Orb155,0,0,0,0,0,0.05,0,0,0,0,0,0,0,0,0,0,0,0,0,0,0,0,0,0,0,0,0,0,0,0.08,0,0,0,0,0,0.02,0,0,0,0,0,0.24,0,0,0.0302267,0,0,0.066777963,0,0.34,0,0.01,0,0,0.08,0.67,0,3.38,0,0.04,5.007004664
193,CL00174,Sordariales_sp,o_Sor174,0,0,0,0.02,0,0,0.03,0.15,0,0,0.05381552,0.77,0,0,0,0,0,0,0,0,0,0,0,0,0,0,0,0.01,0,0,0,0,0,0.06,0,0,0.28,1.34,1.19,0.45,0,0.08,0,0,0,0,0,0,0,0,0,0,0.03,0.38,0,0.13,0,0,0,0.02,4.99381552
201,CL00215,Alternaria_alternata,AltAlt,0.15,0,0.09,0.02,0.01,0.36,0,0,0,0,0,0,0.24,0,0.86,0.06,0.02,0.15,0,0.01,0.174689441,0.05,0.07,0.161272981,0,0,0,0.02,0.12,0.13,0,0.098794705,0.29,0.02,0,0,0,0,0,0,0.03,0,0.141643059,0.19,0.070528967,0.045377198,0.09,0.100166945,0.05,0.03,0.06,0.13,0,0.01,0,0.2,0,0.08,0.62,0.02,4.972473297
196,CL00115,Russula_sardonia,RusSar,0,0,0,0,0,0,0,0,0,0,0,0.17,0,0,0,0,0,0,0,4.54,0,0,0,0,0,0,0,0,0,0,0,0,0,0,0,0,0.18,0,0,0,0,0,0,0,0,0,0,0,0,0,0,0,0,0,0,0,0,0,0,0,4.89
203,CL00225,Penicillium_onobense,PenOno,0,0,0.02,0.02,0,0,0,0,0.04,0,0,0,0,0,0,0.01,0.17,1.26,0,0.25,0.116459627,0.01,0.03,0,0.01,0.06,0.03,0,0,0.08,0,0.138312586,0,0,0.051072523,0,0,0,0,0,0.03,0,0,0.17,0,0,0,0,0.37,0.06,0,0,0,0.02,0.11,1.67,0,0,0.07,0.02,4.815844737
202,CL00166,Hyaloscypha_sp,Hya166,0,0,0,0,0,0,0,0,4.34,0.360391282,0.032289312,0,0,0,0,0,0,0,0.08,0,0,0,0,0,0,0,0,0,0,0,0,0,0,0,0,0,0,0,0,0,0,0,0,0,0,0,0,0,0,0,0,0,0,0,0,0,0,0,0,0,4.812680594
215,CL00088,Leotiomycetes_sp,c_Leo088,0,0,0,0,0,0,0.2,0.07,0,0,0,0,0,0,0,0,0,0,0,0,0,0,0,0,0,0,0,0,0,0,0,0,0,0,0,0,0,0.1,0.01,0,0,0,0,0,0,0,0,0,0,0,0,0,0.82,3.13,0,0,0,0,0,0,4.33
204,CL00110,Phaeogalera_stagnina,PhaSta,0,0,0,0,0,0,0,0,0,0,0,0,0.16,0.02,0,0,0,0,0,0,0,0,0,0,4.26,0.19,0,0,0,0,0,0,0,0,0,0,0,0,0,0,0,0,0,0,0,0,0,0,0,0,0,0,0,0,0,0,0,0,0,0,4.63
205,CL00117,Entoloma_bicoloripes,EntBic,0,0,0,0,0,0,0,0,0,0,0,0,0,0,0,0,0,0,0,0,0,0,0,0,0,0,0,0,0,0,0,0,0,0,0,0,0,0,0,0,0,0,0,0,0,0,0,0,4.54,0.02,0,0,0,0,0,0.02,0,0.02,0,0,4.6
227,CL00158,Hyaloscypha_sp,Hya158,0,0,0.83,0.13,0,0,0,0,0,0,0,0,1.68,0,0.02,0,0,0,0,0,0,0,0,0,0.48,0.02,0.3,0,0,0,0,0,0,0.07,0,0,0,0.11,0.11,0,0,0.03,0,0,0,0.034032898,0,0,0,0,0,0,0,0.14,0,0,0,0,0,0,3.954032898
230,CL00160,Onygenales_sp,o_Ony160,0,0,0.03,0,0,0,0,0,0,0,0,0,0,0,0,0.01,0,0.02,0,0.01,0,0,0,0,0,0,0,0,0,0,0,0,0,0,0,0.06,0,3.65,0,0,0,0.02,0.047214353,0,0,0,0,0,0,0.1,0,0,0,0,0,0,0,0,0,0,3.947214353
206,CL00168,Oehlia_sp,Oeh168,0,0,0.87,0,0,0,0,0,0,0,0,0,0,0,0,0,0,0,0,0,0,0,0,0,0,0.02,0,0,0,0,0,0,0,0.09,0,0,0,0,0,0.03,0,0,0,0,0,0,0,0,0,0,0,0,3.1,0.38,0.02,0,0.07,0,0,0,4.58
211,CL00169,Hymenoscyphus_sp,Hym169,0,0,0,0,0,0,0,0,0,0,0,0,0,0,0.04,0,0,0.03,0,0,0,0.18,0,0,0,0,0,0,0,0,0,0,0.02,0.02,0,0,0,0,0,0.01,0.01,0.03,0,0.01,0,0,0,0,0,0.21,0,0.09,0,0,0,0,0,3.71,0,0.02,4.38
222,CL00177,Variocladium_giganteum,VarGig177,0,0,0,0,0,0,0,0,0,0,0,0,0,0,0,0,0,0,0,0,0,0,0,0,0,3.96,0.02,0.18,0,0,0,0,0,0,0,0,0,0,0,0,0,0,0,0,0,0,0,0,0,0,0,0,0,0,0,0,0,0,0,0,4.16
210,CL00180,Mortierella_sp,Mor180,0,0.041884817,0.23,0.03,0.01,0.32,0,0,0,0,0,0.01,0,0.02,0.01,0.21,0.04,0.79,0,0.28,0,0.02,0,0,0,0,0,0,0,0.06,0,0,0,0.02,0,0,0,0,0,0,0.05,0.19,0,0,0,0.034032898,0,0,0.23,0.07,0,0.09,0,0,0,0.27,0.06,1.32,0,0,4.405917715
235,CL00181,Talaromyces_cinnabarinus,TalCin,0.04,0,0,0.46,0.54,0,0.19,0,0,0,0.096867937,0.24,0,0,0,0,0.01,0,0,0,0,0,0,0,0.94,0.52,0,0,0,0,0,0.019758941,0,0,0,0,0,0,0.26,0.09,0.06,0,0,0,0,0.056721497,0.11,0,0,0,0.02,0,0.05,0.01,0,0,0,0,0,0,3.713348375
250,CL00182,Pezoloma_ciliiferum,PezCil,0,0,0,0,0,0,0,0,0,0,0,0,0,0.02,0.03,0.03,0,0.11,0,0.04,0,0,0,0,1.78,0.08,0,0,0,0,0,0,0.34,0.02,0,0,0,0,0,0,0.1,0.03,0,0,0,0,0,1.151919866,0,0,0.18,0.01,0.01,0,0,0,0,0,0,0,3.931919866
239,CL00186,Hymenotorrendiella_communis,f_Hel186,0,0,0,0,0.02,0,0,0,0,0,0,0,0,0,0,0,0.04,0,0,0,0,0,0,0,0,0,0,0,0,0,0.01,0,0,0,0.076608784,0,0,0,0,0,0.01,0,0,0,0,0,0.12,0,2.67,0.01,0,0.03,0,0,0,0,0.46,0.08,0.12,0,3.646608784
257,CL00187,Helotiales_sp,o_Hel187,0,0,0,0,0,0,0,0,0,0,0,0,0,0,0,0,0,0,0,0.08,0,0,0,0,1.76,0.24,0.13,0,0,0,0,0,0,0.1,0,0,0,0,0,0,0,0.97,0,0,0,0,0,0,0,0,0,0,0.02,0.02,0,0,0,0,0,0,3.32
232,CL00188,Rhizopogon_roseolus,RhiRos,0,0,0,0,0,0,0,0,0,0,0,0.03,0,0,0,0,0,0,0,0,0,0,0,0,0,0,0,0,0,0,0,0,0,0,0,3.82,0,0,0,0,0,0,0,0,0,0,0,0,0,0,0,0,0,0,0,0,0,0,0,0,3.85
267,CL00197,Phialocephala_bamuru,PhiBam,0,0,1.63,0.09,0,0,0,0,0.04,0.068645958,0.075341729,0,0,0,0,0,0.02,0.02,0.03,0,0,0,0,0,0.57,0.07,0.28,0.05,0,0,0,0,0,0,0,0,0,0,0,0,0,0,0,0,0,0.011344299,0,0,0.17,0,0.04,0,0.07,0.01,0,0,0,0,0,0,3.245331987
246,CL00198,Meliniomyces_sp,Mel198,0,0,0,0,0,0,1.13,2.32,0,0,0,0,0,0,0,0,0,0,0,0,0,0,0,0,0,0,0,0.04,0,0,0,0,0,0,0,0,0,0,0,0,0,0,0,0,0,0,0,0,0,0,0,0,0,0,0,0,0,0,0,0,3.49
226,CL00200,Collembolispora_sp,Col200,0.23,0.062827225,0,0,0,0.06,0,0,0,0,0,0,0.04,0,0.29,0.01,0,0.06,0,0.07,0.019409938,0.03,0.25,0,0,0,0,0,0.11,0.11,0,0,1.31,0,0,0,0,0,0,0,0,0,0,0,0,0,0,0.133555927,0.01,0,0.01,1.21,0,0,0,0.06,0.01,0,0.01,0,4.09579309
231,CL00203,Lachnellula_sp,Lac203,0,0.010471204,0,0,0,3.26,0,0,0,0,0,0,0,0,0,0,0,0,0,0,0.038819876,0.09,0,0.139769917,0,0,0,0,0,0.05,0,0.019758941,0,0,0,0,0,0,0,0,0,0,0,0.04,0.282115869,0,0,0.016694491,0,0,0,0,0,0,0,0,0,0,0,0,3.947630298
209,CL00204,Delicatula_sp,Del204,0,0,2.71,0,0,0,0,0.05,0,0,0,0,0,0,0,0,0,0,0,0,0,0,0,0,0,0,0,0,0,0,0,0,0,0.12,0,0,0,0,0,0,0,0,0,0.11,0,0,0,0,0,0,0,0,0,0,0,0,0,0,0,1.46,4.45
255,CL00205,Hyaloscypha_sp,Hya205,0,0,0.23,0,0,0,0,0,0,0,0,0,0.12,0.15,0,0,0,0.11,0,1.92,0,0,0,0,0,0,0,0,0,0,0,0,0,0.09,0,0,0,0,0,0,0,0.77,0,0,0,0,0,0,0,0,0,0,0,0,0,0,0,0,0,0,3.39
304,CL00206,Loramycetaceae_sp,f_Lor206,0,0,0,0,0,0,2.25,0.03,0,0,0,0.16,0,0,0,0,0,0,0,0,0,0,0,0,0,0,0,0,0,0,0,0.573009287,0,0,0,0,0,0,0,0,0,0,0,0,0,0,0,0,0,0,0,0,0,0,0,0,0,0,0,0,3.013009287
238,CL00207,Glomeraceae_sp,f_Glo207,0,0,0.27,0.29,0,0,0.46,0.69,0,0,0,0,0,0,0,0,0,0,0,0,0,0,0,0,0,0.01,0,0,0,0,0,0,0,0.01,0,0,0,0.48,1.09,0,0,0.01,0,0.01,0,0,0,0,0,0,0.12,0,0.14,0,0,0,0,0,0,0.07,3.65
237,CL00209,Suillus_bovinus,SuiBov,0,0,0,0,0,0,0.04,2.67,0.04,0.034322979,0.010763104,0.29,0,0,0,0,0,0.01,0,0.02,0,0,0,0,0,0,0.09,0.36,0,0,0,0,0,0,0,0.01,0,0.1,0,0,0,0,0,0,0,0,0,0,0,0,0,0,0,0,0,0,0,0,0,0,3.675086083
264,CL00210,Amphinema_sp,Amp210,0,0,0,0,0,0,0,0,0,0,0,0,0,0,0,0,0,0,0,0,0,0,0,0,0,3.26,0,0,0,0,0,0,0,0,0,0,0,0,0,0,0,0,0,0,0,0,0,0,0,0,0,0,0,0,0,0,0,0,0,0,3.26
236,CL00211,Hyaloscypha_sp,Hya211,0,0,0,0,0,0,0.07,0.01,0.38,0.566329157,0.010763104,0.04,0.07,0.01,0.02,0,0,0,0.41,0,0,0,0,0,0,0.11,0,0.02,0,0,0,0,1.43,0,0,0,0.08,0.01,0.35,0.28,0,0,0.094428706,0,0,0,0,0,0,0,0,0,0.01,0,0,0,0,0,0,0,3.971520968
213,CL00219,Hyaloscypha_sp,Hya219,0,0.104712042,0,0,0,0,0,0,0.07,0,0,0,0.78,0.06,0.07,0.02,0,0.1,0,0.05,0,0.01,0,0,0.01,0.26,0,0.01,0,0.01,0,0,0.34,0.46,0,0,0,0,0.02,0.01,0.05,0,0,0,0,1.905842314,0,0,0,0,0.12,0.06,0,0,0,0,0,0.05,0,0,4.570554356
249,CL00221,Oidiodendron_tenuissimum,OidTen,0,0,0,0,0,0,0,0,0,0,0,0.08,0,0,0,0,0,0,0.02,0,0,0,0,0,0,0,0.04,0,0,0,0.06,0,0,0,0,3.21,0,0,0,0,0,0,0,0,0,0,0,0,0,0,0,0.01,0,0,0.06,0,0,0,0,0,3.48
266,CL00222,Galerina_tibiicystis,GalTib,0,0,0,0,0.12,0,0.14,0,0,0,0.043052416,0.2,0,0,0,0,0,0,0,0,0,0,0,0,0,0.05,0,0,0,0,0,0,0,0,0,0,0,0.06,0,0,0,0,0,0,0,0,0,0,0,0,0,0,2.59,0.01,0,0,0,0,0,0,3.213052416
223,CL00224,Stagonospora_trichophoricola,StaTri,0.3,0.010471204,0.36,0,0,0,0,0,0.01,0,0,0,0,0,2.54,0,0.01,0.04,0,0,0,0.6,0.03,0,0,0,0,0,0.02,0.01,0,0,0,0,0,0,0,0,0,0,0,0,0,0,0,0,0,0,0.02,0.01,0.01,0,0,0,0,0.1,0,0,0.06,0,4.130471204
271,CL00226,Rhizophydiaceae_sp,f_Rhi226,0,0,0.03,0,0,0,0,0,0,0,0,0.06,0,0,0,0,0,0,0,1.49,0,0,0,0,0,0,0,0,0,0,0,0,0,0.05,0,0,0,0,0,0,0.07,0.19,0.236071766,0.23,0,0.045377198,0,0,0,0.01,0.02,0.15,0,0,0,0,0.28,0,0.08,0.38,3.321448964
262,CL00227,Extremus_sp,Ext227,0.01,0.073298429,0,0,0,0.23,0,0,0,0,0,0,1,0.28,0,0.08,0,0,0,0.05,0,0.11,0,0.05375766,0,0,0,0,0,0.01,0,0,0.05,0.15,0,0,0,0,0,0,0.02,0.01,0,0.06,0,0,0,0.066777963,0.03,0.04,0.06,0.56,0.01,0,0,0.27,0,0.07,0,0,3.293834053
229,CL00229,Dimorphospora_sp,Dim229,0,0.083769634,0.07,0.2,0.07,0.12,0.05,0,0,0,0,0.01,0.01,0,0.01,0.13,0.07,0.02,0,0,0.058229814,0.09,0.56,0.043006128,0.01,0.04,0,0,0.03,0.06,0.24,0,0,0,0.306435138,0,0,0,0,0,0.02,0.18,0,0,0,0,0,0.033388982,0.65,0.04,0.08,0.09,0,0,0,0.3,0.38,0,0.08,0.03,4.164829695
283,CL00231,Mariannaea_sp,Mar231,0,0,0,0,0,1.06,0,0,0,0,0,0,0,0,0,0,0.03,0.01,0,0,0,0.06,0,0,0,0,0,0,0,0.05,0,0,0,0,0,0,0,0,0,0,0.03,0,0,0,0.070528967,0,0,0.016694491,0.16,0,0,0.24,0,0,0,0,0,1.25,0,0,2.977223458
200,CL00232,Suillus_sp,Sui232,0,0,0,0,0,0,0,4.65,0,0,0,0,0,0,0,0,0,0,0,0,0,0,0,0,0,0,0,0,0,0,0,0,0,0,0,0,0.03,0.02,0,0,0,0,0,0,0,0,0,0,0,0,0,0,0,0,0,0,0,0,0,0,4.7
265,CL00235,Oidiodendron_sp,Oid235,0,0,0.15,0,0,0,0,0,0,0,0,0.16,0,0,0,0,0,0,0.04,0.12,0,0,0,0,0,0,0,0,0,0,0.01,0.256866232,0,0,0,2.26,0.01,0.15,0,0,0,0,0,0.06,0.120906801,0,0,0,0,0,0.01,0,0,0,0,0,0,0,0,0,3.347773033
275,CL00236,Stagonospora_sp,Sta236,0.01,0,0,0,0,0,0,0,0,0,0,0,1.47,0,0,0,0.06,0,0,0,0.038819876,0.29,0.15,0.225782174,0,0,0,0,0.01,0,0,0,0,0.02,0.17875383,0,0,0,0,0,0,0.04,0,0.05,0.010075567,0.056721497,0,0.116861436,0.01,0.11,0.17,0.06,0,0,0,0.13,0,0.03,0,0.02,3.25701438
282,CL00239,Dactylaria_dimorphospora,DacDim,1.12,0.020942408,0,0,0.02,0.39,0,0,0,0,0,0,0,0,0.02,0,0.02,0.02,0,0,0.077639752,0.07,0.03,0.05375766,0,0,0,0,0.18,0.09,0,0,0.24,0,0,0,0,0,0,0,0.04,0,0,0,0.020151134,0.022688599,0.02,0.20033389,0,0,0,0.07,0,0,0.04,0.19,0,0.13,0.03,0,3.115513443
252,CL00240,Trimmatostroma_sp,Tri240,0,0.010471204,0.18,0.53,0.12,0,0,0,0,0,0,0,0,0,0,0.09,0,0.04,0,0.07,0,0,0,0,0,0,0,0,0,0.06,0,0,0,0,0,0,0,0,0,0,0.24,0.19,0,0,0.40302267,0.011344299,0,0,0,0,0,0,0,0.22,0.76,0,0.49,0,0,0.06,3.474838174
274,CL00242,Xenopolyscytalum_sp,Xen242,0,0,0,0,0,0,0,0,1.73,0.137291917,0.807232806,0,0.01,0.01,0,0,0,0,0.42,0,0,0,0,0,0,0,0,0.05,0,0,0,0,0,0,0,0,0,0.01,0,0,0,0,0,0,0,0,0,0,0,0,0,0,0,0,0,0,0,0,0,0,3.174524723
268,CL00243,Pyrenophora_biseptata,PyrBis,0,0,0,0.01,0.42,0.26,0,0,0,0,0,0,0,0,0,0,0,0,0,0,0.892857143,0.5,0,0,0,0,0,0,0.04,0.01,0,0,0.07,0,0,0,0,0,0,0,0.01,0.01,0.047214353,0.01,0.110831234,0,0.37,0,0.82,0.06,0,0,0,0.01,0,0,0,0,0,0.02,3.67090273
216,CL00244,Sordariales_sp,o_Sor244,0,0,0.41,0,0,0,0,0,0,0,0,0,0,0,0,0,0,0,0,0,0,0,0,0,0,0,3.87,0,0,0,0,0,0,0,0,0,0,0,0,0,0,0,0,0,0,0,0,0,0,0,0,0,0,0,0,0,0,0,0,0,4.28
244,CL00245,Emericellopsis_donezkii,EmeDon,0,0,0,0,0,0,0,0,0,0,0,0,0.48,0,0,0,0,0,0,0,0.213509317,0.48,0.72,0,0,0,0,0,0.74,0,0,0,0,0,0,0,0,0,0,0,0,0,0,0,0,0,0,0,0,0,0,0,0,0,0,0,0.26,0,0.75,0,3.643509317
251,CL00246,Cadophora_luteo-olivacea,CadLut,0.56,0.104712042,0,0,0.01,0.15,0,0,0,0,0,0,0,0,0.01,0.05,0.02,0.09,0,0.08,0,0.02,0.09,0.150521449,0,0,0,0,0.12,0.03,0,0,0.37,0.07,0,0,0,0,0,0,0.11,0.05,0,0,0.231738035,0.124787294,0,0.61769616,0.03,0.02,0.07,0.32,0,0,0,0.03,0,0.01,0,0.21,3.749454981
281,CL00249,Penicillium_sp,Pen249,0.05,0,0,0,0,0.74,0,0,0.04,0,0,0,0.01,0.01,0,0.02,0.06,0.18,0,0,0,0.05,0,0,0,0,0,0.04,0,0.27,0,0,0,0.02,0,0.03,0.01,0.85,0,0.05,0,0,0,0.39,0,0,0,0.050083472,0,0,0,0.05,0,0,0,0,0,0.08,0,0.02,3.020083472
219,CL00251,Cyberlindnera_suaveolens,CybSua,0.21,0.795811518,0,0.04,0,0.06,0,0,0,0,0,0,0,0,0.03,0,0,2.2,0,0.2,0.36878882,0.03,0.03,0,0,0,0,0,0.19,0.01,0,0,0.02,0,0,0.05,0,0,0.07,0,0.01,0.02,0,0,0.020151134,0.022688599,0.02,0,0,0,0.01,0,0,0,0,0,0,0,0,0,4.407440071
273,CL00254,Rhizophydiaceae_sp,f_Rhi254,0,0,0,0,0,0,0,0,0,0,0,0,0,0,0,0,0,0,0,0,0,0,0,0,0,0,0,0,0,0,0,0,0,0,0,0.01,0,0,0,0,0,0,0.094428706,0.01,0,0,0,0,0.96,0.03,0,0,0,0,0,0.51,0,0.27,0.2,1.09,3.174428706
263,CL00264,Mycena_sanguinolenta,MycSan,0,0,0,0,0,0,0,2.52,0,0,0.032289312,0,0.62,0,0,0,0,0.01,0,0,0,0,0,0,0,0,0,0,0,0,0.05,0.059276823,0,0,0,0,0,0,0,0,0,0,0,0,0,0,0,0,0,0,0,0,0,0,0,0,0,0,0,0,3.291566135
,,,,,,,,,,,,,,,,,,,,,,,,,,,,,,,,,,,,,,,,,,,,,,,,,,,,,,,,,,,,,,,,
242,CL00267,Tolypocladium_inflatum,TolInf,0.01,0.010471204,0,0,0,0,0,0,0,0,0,0,0,0,0.01,0,0,0.1,0,0,0,0.03,0.05,0.903128696,0,0.02,0,0.01,0.11,0,0,0,2.01,0.03,0,0,0,0,0,0,0,0,0,0,0,0,0,0.050083472,0,0,0,0.02,0.02,0,0,0.21,0,0.06,0,0,3.653683372
241,CL00268,Cercophora_sp,Car268,0.19,0,0,0,0.02,0,0,0,0,0,0,0,0,0,0,0,0.88,0,0,0,0.038819876,0.19,0.07,0,0,0,0,0,0.05,0,0.26,0.039517882,0,0,0.306435138,0,0,0,0,0,0,0,0,0,0.634760705,0,0.35,0,0.71,0,0,0,0,0,0,0,0.06,0,0.01,0,3.809533601
247,CL00269,Stagonospora_trichophoricola,StaTri,0.02,0.387434555,0.08,0.01,0.05,0.03,0,0,0,0,0,0,0,0.03,0.14,0.05,0.23,0.12,0.01,0,0.019409938,0.39,0.21,0.010751532,0,0,0,0,0.12,0.04,0.06,0.039517882,0.04,0.09,0,0,0,0,0,0,0,0,0,0.04,0,0,0.01,0,0.5,0.02,0,0.03,0,0,0,0,0.02,0,0.74,0,3.537113907
261,CL00271,Coronellaria_caricinella,Cor271,0,0.094240838,0,0,0.02,0,0.01,0,0,0,0,0,0,0,0.04,0,0.03,0.47,0,0.27,0.019409938,0.04,0,0,0,0,0,0.01,0,0,0,0,0,0.03,0,0,0,0,0,0,2.14,0,0,0,0,0.124787294,0,0,0,0,0,0,0,0,0,0,0,0,0,0,3.29843807
279,CL00274,Stagonosporopsis_dennisii,StaDen,0.03,0.073298429,0,0,0,0,0,0,0,0,0,0,0,0,0,0,0,0,0,0,0,0,0,0,0,0,0,0,0,0,0,0,2.9,0,0,0,0,0,0,0,0,0,0,0,0,0,0.01,0,0,0,0,0,0,0,0,0,0,0,0,0,3.013298429
212,CL00276,Herpotrichia_sp,Her276,0,0,0,0,0,0,0,0,0,0,0,0,0,0,0,0,0.01,0.07,0,0,0,0,0.2,0.709601118,0,0,0,0,0,0,0,0,0,0,0.051072523,0.16,0,0,0,0,0,0,0,0,0,0,0,0,0,0,0,0.05,0,0,0.16,0,0,0,0,3.03,4.440673641
243,CL00279,Acephala_sp,Ace279,0,0,0,0,0.04,0,0.06,0.05,0.62,0.755105543,0.193735873,0,0,0,0,0,0,0,0,0,0,0,0,0,0,0.09,1.91,0,0,0,0,0,0,0,0,0,0,0.05,0,0,0,0,0,0,0,0,0,0,0,0,0.05,0,0.04,0.02,0,0,0.01,0,0,0,3.888841417
233,CL00283,Pyrenochaetopsis_sp,Pyr283,0,0.397905759,0.17,0,0,0,0,0,0,0,0,0,0,0.07,0,2.76,0,0,0,0.01,0.019409938,0,0,0,0,0,0,0,0,0,0,0,0,0,0,0,0,0,0,0,0.01,0.01,0,0,0,0.124787294,0,0,0,0.16,0,0,0,0,0,0,0,0,0,0.12,3.852102991
225,CL00285,Herpotrichiellaceae_sp,f_Her285,0,0,0,0,0,0,0,0,0,0,0,0,0,0,0,0,0,0,0,0,0,0,0,0,0,0,0,0,0,0,0,0,0,0,0,0,0,0,0,0,0,0,0,0,0,0,0,0,0,0,0,0,0,0,0,0,0,0,0,4.08,4.08
272,CL00287,Acephala_sp,Ace287,0,0,0,0,0,0,0,0,1.68,1.149819804,0,0,0,0,0,0,0,0,0,0,0,0,0,0,0.07,0,0,0,0,0,0.68,0,0,0,0,0,0,0,0,0,0,0,0,0,0,0,0,0,0,0,0,0,0,0,0,0,0,0,0,0,3.579819804
217,CL00292,Meliniomyces_sp,Mel292,0,0,0,0,0,0,0,0,0.9,0.89239746,0,0.01,0,0,0,0,0,0,0.21,0.01,0,0,0,0,0,0,0,0,0,0,0.22,0.039517882,0,0,0,0,2.34,0,0,0,0,0,0,0,0,0,0,0,0,0,0,0,0,0,0,0,0,0,0,0,4.621915342
309,CL00294,Hyaloscypha_sp,Hya294,0,0,0,0,0,0,0,0,0.41,1.664664493,0.010763104,0,0,0,0,0,0,0.01,0.79,0,0,0,0,0,0.01,0,0,0,0.04,0,0,0.177830468,0,0,0,0,0.37,0,0,0,0,0,0,0,0,0,0,0,0,0,0,0,0,0,0,0,0,0,0,0,3.483258065
220,CL00301,Clavaria_sp,Cla301,0,0,0,0,0.03,0.01,0,0,0,0,0,0,0,0,0.2,0,0.54,0.42,0,0,0,0,0,0,0,0,0,0,0,0,0,0,0,0,0,0,0,0,0,0,0.19,0,0,0,0,0.170164492,0,0,0,0,2.02,0.61,0,0,0,0,0.01,0,0,0,4.200164492
276,CL00303,Ilyonectria_europaea,IlyEur,0,0,0.06,0,0,0,0,0,0,0,0,0,0,0,0,0,0,0.04,0,0,0,0.04,0,0.086012257,0,0,0,0,0,0,0.7,0,0,0.07,0,0,0,0,0,0,0,0.04,0,0.52,0,0,0.01,0.033388982,0.58,0.01,0.05,0.26,0,0,0,0.12,0,0.07,0.15,0.21,3.049401238
260,CL00304,Sympodiella_acicola,SymAci,0,0,0,0,0,0,0,0.07,0.37,0.102968938,1.356151114,0.29,0.03,0.03,0,0,0,0,0.44,0,0,0,0,0,0,0,0,0.02,0,0,0,0,0,0,0.229826353,0,0.63,0.02,0,0,0,0,0,0,0,0,0,0,0,0,0,0,0,0,0,0,0,0,0,0,3.588946405
256,CL00305,Tetracladium_sp,Tet305,0.08,0.471204188,0,0,0,0.41,0,0,0,0,0,0,0,0,0,0,0,0,0,0,0.058229814,0.41,0,0.064509193,0,0,0,0,0.1,0.41,0,0,0.68,0.01,0,0,0,0,0,0,0.11,0,0,0.02,0.060453401,0,0.01,0.317195326,0.01,0,0.04,0.08,0,0,0,0,0,0,0.09,0.12,3.551591921
289,CL00307,Boliniales_sp,o_Bol307,0,0.554973822,0,0,0,0,0,0,0,0,0,0,0,0,0,0,0.02,0.27,0,0.01,0,0,0,0,0,0,0,0,0,0,0,0,0.03,0,0,0,0,0,0,0,0.09,0.08,0,0,0,0.374361883,0,0.20033389,0,0.45,0,0.65,0,0,0,0.12,0,0.18,0,0,3.029669595
254,CL00309,Pseudopithomyces_chartarum,PseCha,0.08,0.010471204,0.37,0.01,0.07,0,0,0.03,0,0,0,0.02,0.07,0.43,0.12,0.08,0,0.07,0,0,0.252329193,0.01,0,0.010751532,0,0,0,0,0,0.11,0,0,0.01,0.07,0.102145046,0.12,0,0,0,0,0.02,0,0,0,0,0,0,1.919866444,0,0.03,0.04,0.02,0.02,0,0,0.16,0.08,0.04,0.02,0.01,4.405563419
234,CL00312,Trematosphaeria_hydrela,TreHyd,0.01,0.136125654,0,0,0,0,0,0,0,0,0,0,0,0,0,0.09,0,0.01,0,0.02,0.058229814,0.07,0.02,0,0,0,0,0,0,0,0,0,0.07,0,0.025536261,0.23,0,0,0,0,0,0.32,0,0,0,0,0,1.252086811,0,0,1.11,0.46,0,0,0,0.02,0.42,0.01,0,0,4.331978541
298,CL00314,Linnemannia_fluviae,LinFlu,0,0.083769634,0.12,0.04,0,0,0,0,0,0,0,0,0.02,0,0,0.05,0.02,0.25,0,0.02,0.019409938,0.03,0,0.010751532,0.02,0.05,0.01,0,0,0.01,0.01,0,0.02,0.02,0,0,0,0.03,0.01,0,0.05,0,0,0,0,0.034032898,0,0.350584307,0.02,0.01,0,0.03,0.02,0,0,0.09,0.99,0.5,0.05,0,2.988548309
228,CL00315,Neofabraea_kienholzii,NeoKie,0,0,0,0,0,0,0,0,0,0,0,0,0,0,0,0,0,0,0,0,0,0,0,0,0,0,0,0,0,0,0,0,0,0,0,0,0,0.01,0,0,0,0,0,0,0,0,0,0,0.06,0.02,0,0,0,0,0,3.85,0,0,0,0,3.94
259,CL00316,Glomeraceae_sp,f_Glo316,0,0.010471204,0.03,0,0,0,0,0,0,0,0,0,0.04,0.03,0,0.01,0,0.09,0,0,0.019409938,0,0,0,0,0,0,0,0,0.06,0,0,0.02,0,0,0,0,0,0,0.01,1.92,0.72,0.047214353,0,0,0.045377198,0.07,0,0,0,0.16,0.03,0,0,0,0,0,0.04,0,0.01,3.362472693
248,CL00319,Inocybe_sp,Ino319,0,0,0,0,0,0,0,0,0,0,0,3.47,0,0,0,0,0,0,0.01,0,0,0,0,0,0,0,0,0,0,0,0,0,0,0,0,0,0,0,0,0,0,0,0,0,0,0,0,0,0,0,0,0,0,0,0,0,0,0,0,0,3.48
208,CL00322,Athelia_pyriformis,AthPyr,0,0,0,0,0,0,0,0,0,0,0,0,0,0,0,0,0,0,0,0.01,0,0,0,0,0,0,0,0,0,0,0,0,0,0,0,0,0,0,0,0,0,0,0,0,0,0,0,0,0.03,0,0,0,0,0,0,0,3.36,0,1.14,0,4.54
221,CL00326,Pezoloma_sp,Pez326,0,0,0,0,0,0,0,0,0,0,0,0,0,0,0,0,0,0,0.14,0,0,0,0,0,0,0,0,0,0,0,0.84,0,0,0,0,0,0,0,0,3.19,0,0,0,0,0,0,0,0,0,0,0,0,0,0,0,0,0,0,0,0,4.17
218,CL00327,Fusarium_avenaceum,FusAve,0,0.094240838,0,0,0,0,0,0,0,0,0,0,0.01,0.01,0.04,0.1,0.05,0,0,0.02,0,0.04,0.04,0.032254596,0,0,0,0,0.03,0,0.1,0.079035764,0,0.05,0,0,0,0,0,0,0,0,0,2.71,0.020151134,0.022688599,0,0.050083472,0,0,0,0.06,0,0,0,0,0,0.07,0.13,0.52,4.278454403
253,CL00329,Polylobatispora_sp,Pol329,0,0.020942408,0.19,0,0,0,0,0,0,0,0,0,0.11,0.91,0.01,0.52,0,0.06,0,0.01,0,0,0,0,0,0,0,0,0,0,0,0,0,0,0,0,0,0,0,0,0.02,0,0,1.35,0.090680101,0,0,0,0,0.08,0.03,0,0,0.01,0,0,0,0,0,0.05,3.461622509
285,CL00339,Zaanenomyces_versatilis,ZaaVer,0,0.188481675,0,0,0,0,0,0,0,0,0,0.01,0.15,0.04,0.08,0.02,0.02,0.05,0,0.06,0.038819876,0.11,0,0.021503064,0,0,0,0,0.01,0,0,0,0.19,0.17,0,0,0,0,0,0,0.01,0.11,0,0,0.0302267,0.646625071,0,0.100166945,0,0.02,0.21,0.57,0,0,0,0.12,0.04,0.06,0,0,3.075823331
240,CL00342,Calycellina_sp,Cal342,0,0,0,0,0,0,0,0,0,0,0,0,0,0,0,0,0,1,0,0,0.097049689,0.43,0.22,0,0,0,0,0,0,0.19,0,0,0,0,0,0,0,0,0,0,0,0,0,0,0,0,0,0,0,0,0,0,0,0,1.42,0.14,0,0.12,0,0.03,3.647049689
286,CL00343,Mortierella_sp,Mor343,0,0,0,0,0.02,0,0,0,0,0,0.010763104,0,0,0,0,0,0,0.22,0,0,0.174689441,0,0,0,0,0,0,0,0,0,0.06,0.493973523,0,0,0,0,0,0,0,0,0,0,0,0,0,0,1.74,0,0.4,0,0,0,0,0,0.03,0.08,0,0,0,0,3.229426068
280,CL00344,Apenidiella_strumelloidea,ApeStr,0,0.010471204,0,0,0.02,0.13,0,0,0,0,0,0,0,0,0,0,0.22,0,0,0,0.174689441,0.35,0.08,0.032254596,0,0,0,0,0.01,0.07,0.25,0,0,0.2,0.383043922,0,0,0,0,0,0.15,0,0,0,0.010075567,0.056721497,0,0,0.2,0.01,0.63,0,0,0,0,0.07,0.01,0.05,0.22,0,3.337256228
269,CL00351,Trechisporales_sp,o_Tre351,0,0,0.89,0,0,0,0,0,0,0,0,0.03,0,0,0,0,0,0,0,0,0,0,0,0,0,0,0,0,0,0,0,0,0,0,0,0.04,0,0,0,0,0,0,0,1.74,0,0,0,0,0,0.14,0,0,0,0,0.24,0,0,0,0,0.09,3.17
277,CL00361,Alatospora_acuminata,AlaAcu,0,0.010471204,0,0,0,0,0,0,0,0,0,0,0,0,0.02,0.01,0.02,0.09,0,0.01,0.038819876,0,0.74,0.279539834,0,0,0,0,0,0,0,0.019758941,0.1,0.05,0.51072523,0,0,0,0,0,0.08,0,0,0,0.493702771,0.22688599,0.02,0.20033389,0.14,0,0.19,0,0,0,0,0,0.06,0.01,0.14,0.04,3.500237736
392,CL00365,Chloridium_sp,Chl365,0,0,0,0,0,0,0,0,0,0,0,0,0,0,0,0,0,0,0,0,0,0,0,0,0,0,0,0,0,0,0,2.35131397,0,0,0,0,0,0,0,0,0,0,0,0,0,0,0,0,0.77,0,0,0,0,0,0,0,0,0,0,0,3.12131397
288,CL00379,Exophiala_sp,Exo379,0,0,0.03,0,0,0.06,0,0,0,0,0,0,0.03,0.03,0,0,0.01,0.01,0,0.03,0,0.04,0,0.021503064,0,0,0,0,0,0.03,0,0,0,0.17,0.051072523,0,0,0,0,0,0.01,0.3,0.047214353,0.06,0.523929471,0.374361883,0,0,0.06,0.15,0.05,0.02,0,0,0.03,0.14,0.04,0,0,0.69,3.008081295
293,CL00380,Oehlia_sp,Oeh380,0,0,0,0,0,0,0.05,0,0,0,0,0,0,0,0,0,0,0,0,0,0,0,0,0,0,0,0,0,0,0,0,0,0,0,0,0,0,0,0.14,0.77,0.1,0,1.322001889,0,0,0,0,0,0.06,0,0,0,0.03,0.14,0.54,0,0.14,0,0.6,0,3.892001889
302,CL00391,Varicosporium_delicatum,VarDel,0,0,0.07,0,0,0,0,0,0,0,0,0,0.24,0,0.05,0,0,0.03,0,0,0,0,0,0,0,0,0,0,0,0,0,0,0.31,0.14,0,0,0,0,0,0,0.03,0,0,0,0,2.098695406,0,0.016694491,0.01,0,0,0,0,0,0,0.01,0,0,0,0,3.005389896
258,CL00396,Leotiales_sp,o_Leo396,0,0,0,0,0,0,0,0,0,0,0,0,0,0,0,0,0,0,0,0,0,0,0,0,0,0,0,0,0,0,0,0,0,0,0,0,0,0,0,0,0,0,0,0,0,0,0,0,0,0,0,0.01,0,0,0,0.02,3.27,0.02,0,0,3.32
270,CL00400,Herpotrichiellaceae_sp,f_Her400,0,0,0,0,0,0,0,0,0,0.051484469,0,0,0,0,0,0,0,0,0.01,0,0,0,0,0.655843458,0,0,0,0,0,0,2.49,0,0,0,0,0,0,0,0,0,0,0,0,0,0,0,0,0,0,0,0,0,0,0,0,0,0,0,0,0,3.207327927
335,CL00401,Myrmecridium_sp,Myr401,0,0.020942408,0,0,0.01,0.2,0,0,0,0,0.043052416,0,0,0,0,0.19,0,0.01,0,0,0,0.12,0,0.129018385,0,0,0,0.01,0.01,0.08,0.14,0.177830468,0,0,0.587334014,0,0,0,0,0,0.01,0,0,0.08,0.624685139,0,0,0.20033389,0.01,0.25,0,0,0,0,0,0.03,0,0.05,0,0.02,3.003196721
245,CL00406,Sordariales_sp,o_Sor406,0,0,0.04,0,0,0,0,0,0.02,0.068645958,0.129157249,0.05,0,0,0,0,0,0,0.01,0.01,0,0,0,0,0,0,0,0,0,0,0,0,0,0,0,0,0,0,0,0.73,0,0,0,0.5,0,0,0,0,0,0,0,0,0,0,2.02,0,0,0,0,0,3.577803207
278,CL00465,Trechispora_sp,Tre465,0,0,0,0,0,0,0,0,0,0,0,0,0,0,0,0,0,0,0,0,0,0,0,0,0,0,0,0,0,0,0,0,0,0,0,0,0,0,0,0,0,0,0,3.02,0,0,0,0,0,0,0,0,0,0,0,0,0,0,0,0,3.02
332,CL00496,Rhytismataceae_sp,f_Rhy496,0,0,0,0,0,0,0,0,0,0,0,0,0,0,0,0,0,0,0.14,0,0,0,0,0,0,0,0,0,0,0,0,1.817822565,0,0,0,0,1.42,0,0,0,0,0,0,0,0,0,0,0,0,0,0,0,0,0,0,0,0,0,0,0,3.377822565
339,CL00505,Cladophialophora_sp,Cla505,0,0,0,0,0,0,0,0,0,0,0,0,0,0,0,0,0,0,0,0,0,0,0,0,0,0.16,0,0,0,0,0,2.292037147,0,0,0,0,0.02,0,0,0.6,0,0,0,0.48,0,0,0,0,0,0,0,0,0,0,0,0,0,0,0,0,3.552037147
340,CL00555,Oidiodendron_sp,Oid555,0,0,0,0,0,0,0,0,0,0,0,0,0,0,0,0,0,0,0,0,0,0,0,0,0,0,0,0,0,0,0,4.742145821,0,0,0,0,0,0,0,0,0,0,0,0,0,0,0,0,0,0,0,0,0,0,0,0,0,0,0,0,4.742145821
390,CL00628,Serendipita_sp,Ser628,0,0,0,0,0,0,0,0,0,1.887763858,0,0,0,0,0,0,0,0,0,0,0,0,0,0,0,0,0,0,0,0,0,1.778304683,0,0,0,0,0,0,0,0,0,0,0,0,0,0,0,0,0,0,0,0,0,0,0,0,0,0,0,0,3.666068541
444,CL00684,Clarireedia_homoeocarpa,ClaHom,0,0,0,0,0,0,0,0,0,0,0.086104833,0,0,0,0,0,0,0,0,0,0,0,0,0,0,0,0,0,0,0,0.04,3.042876902,0,0,0,0,0,0,0,0,0,0,0,0,0,0,0,0,0,0,0,0,0,0,0,0,0,0,0,0,3.168981734
284,CL00266,Schizothecium_sp,Schi266,0,0,0,0,0,0,0,0,0,0,0,0,0,0,0,0,0,0,0,0.14,0,0,0,0,0,0,0,0,0,0,0,0,2.41,0,0,0,0,0,0,0,0,0,0,0,0.231738035,0.192853091,0,0,0,0,0,0,0,0,0,0,0,0,0,0,
,,,,,,,,,,,,,,,,,,,,,,,,,,,,,,,,,,,,,,,,,,,,,,,,,,,,,,,,,,,,,,,,
,,,,,,,,,,,,,,,,,,,,,,,,,,,,,,,,,,,,,,,,,,,,,,,,,,,,,,,,,,,,,,,,
,,,,,,,,,,,,,,,,,,,,,,,,,,,,,,,,,,,,,,,,,,,,,,,,,,,,,,,,,,,,,,,,
,,,,,,,,,,,,,,,,,,,,,,,,,,,,,,,,,,,,,,,,,,,,,,,,,,,,,,,,,,,,,,,,
,,,,,,,,,,,,,,,,,,,,,,,,,,,,,,,,,,,,,,,,,,,,,,,,,,,,,,,,,,,,,,,,
,,,,,,,,,,,,,,,,,,,,,,,,,,,,,,,,,,,,,,,,,,,,,,,,,,,,,,,,,,,,,,,,
,,,,,,,,,,,,,,,,,,,,,,,,,,,,,,,,,,,,,,,,,,,,,,,,,,,,,,,,,,,,,,,,
,,,,,,,,,,,,,,,,,,,,,,,,,,,,,,,,,,,,,,,,,,,,,,,,,,,,,,,,,,,,,,,,
,,,,,,,,,,,,,,,,,,,,,,,,,,,,,,,,,,,,,,,,,,,,,,,,,,,,,,,,,,,,,,,,
,,,,,,,,,,,,,,,,,,,,,,,,,,,,,,,,,,,,,,,,,,,,,,,,,,,,,,,,,,,,,,,,
,,,,,,,,,,,,,,,,,,,,,,,,,,,,,,,,,,,,,,,,,,,,,,,,,,,,,,,,,,,,,,,,
,,,,,,,,,,,,,,,,,,,,,,,,,,,,,,,,,,,,,,,,,,,,,,,,,,,,,,,,,,,,,,,,
,,,,,,,,,,,,,,,,,,,,,,,,,,,,,,,,,,,,,,,,,,,,,,,,,,,,,,,,,,,,,,,,
,,,,,,,,,,,,,,,,,,,,,,,,,,,,,,,,,,,,,,,,,,,,,,,,,,,,,,,,,,,,,,,,
,,,,,,,,,,,,,,,,,,,,,,,,,,,,,,,,,,,,,,,,,,,,,,,,,,,,,,,,,,,,,,,,
,,,,,,,,,,,,,,,,,,,,,,,,,,,,,,,,,,,,,,,,,,,,,,,,,,,,,,,,,,,,,,,,
,,,,,,,,,,,,,,,,,,,,,,,,,,,,,,,,,,,,,,,,,,,,,,,,,,,,,,,,,,,,,,,,
,,,,,,,,,,,,,,,,,,,,,,,,,,,,,,,,,,,,,,,,,,,,,,,,,,,,,,,,,,,,,,,,
,,,,,,,,,,,,,,,,,,,,,,,,,,,,,,,,,,,,,,,,,,,,,,,,,,,,,,,,,,,,,,,,
,,,,,,,,,,,,,,,,,,,,,,,,,,,,,,,,,,,,,,,,,,,,,,,,,,,,,,,,,,,,,,,,
,,,,,,,,,,,,,,,,,,,,,,,,,,,,,,,,,,,,,,,,,,,,,,,,,,,,,,,,,,,,,,,,
,,,,,,,,,,,,,,,,,,,,,,,,,,,,,,,,,,,,,,,,,,,,,,,,,,,,,,,,,,,,,,,,
,,,,,,,,,,,,,,,,,,,,,,,,,,,,,,,,,,,,,,,,,,,,,,,,,,,,,,,,,,,,,,,,
,,,,,,,,,,,,,,,,,,,,,,,,,,,,,,,,,,,,,,,,,,,,,,,,,,,,,,,,,,,,,,,,
,,,,,,,,,,,,,,,,,,,,,,,,,,,,,,,,,,,,,,,,,,,,,,,,,,,,,,,,,,,,,,,,
,,,,,,,,,,,,,,,,,,,,,,,,,,,,,,,,,,,,,,,,,,,,,,,,,,,,,,,,,,,,,,,,
,,,,,,,,,,,,,,,,,,,,,,,,,,,,,,,,,,,,,,,,,,,,,,,,,,,,,,,,,,,,,,,,
,,,,,,,,,,,,,,,,,,,,,,,,,,,,,,,,,,,,,,,,,,,,,,,,,,,,,,,,,,,,,,,,
,,,,,,,,,,,,,,,,,,,,,,,,,,,,,,,,,,,,,,,,,,,,,,,,,,,,,,,,,,,,,,,,
,,,,,,,,,,,,,,,,,,,,,,,,,,,,,,,,,,,,,,,,,,,,,,,,,,,,,,,,,,,,,,,,
,,,,,,,,,,,,,,,,,,,,,,,,,,,,,,,,,,,,,,,,,,,,,,,,,,,,,,,,,,,,,,,,
,,,,,,,,,,,,,,,,,,,,,,,,,,,,,,,,,,,,,,,,,,,,,,,,,,,,,,,,,,,,,,,,
,,,,,,,,,,,,,,,,,,,,,,,,,,,,,,,,,,,,,,,,,,,,,,,,,,,,,,,,,,,,,,,,
,,,,,,,,,,,,,,,,,,,,,,,,,,,,,,,,,,,,,,,,,,,,,,,,,,,,,,,,,,,,,,,,
,,,,,,,,,,,,,,,,,,,,,,,,,,,,,,,,,,,,,,,,,,,,,,,,,,,,,,,,,,,,,,,,
,,,,,,,,,,,,,,,,,,,,,,,,,,,,,,,,,,,,,,,,,,,,,,,,,,,,,,,,,,,,,,,,
,,,,,,,,,,,,,,,,,,,,,,,,,,,,,,,,,,,,,,,,,,,,,,,,,,,,,,,,,,,,,,,,
,,,,,,,,,,,,,,,,,,,,,,,,,,,,,,,,,,,,,,,,,,,,,,,,,,,,,,,,,,,,,,,,
,,,,,,,,,,,,,,,,,,,,,,,,,,,,,,,,,,,,,,,,,,,,,,,,,,,,,,,,,,,,,,,,
,,,,,,,,,,,,,,,,,,,,,,,,,,,,,,,,,,,,,,,,,,,,,,,,,,,,,,,,,,,,,,,,
,,,,,,,,,,,,,,,,,,,,,,,,,,,,,,,,,,,,,,,,,,,,,,,,,,,,,,,,,,,,,,,,
,,,,,,,,,,,,,,,,,,,,,,,,,,,,,,,,,,,,,,,,,,,,,,,,,,,,,,,,,,,,,,,,
,,,,,,,,,,,,,,,,,,,,,,,,,,,,,,,,,,,,,,,,,,,,,,,,,,,,,,,,,,,,,,,,
,,,,,,,,,,,,,,,,,,,,,,,,,,,,,,,,,,,,,,,,,,,,,,,,,,,,,,,,,,,,,,,,
,,,,,,,,,,,,,,,,,,,,,,,,,,,,,,,,,,,,,,,,,,,,,,,,,,,,,,,,,,,,,,,,
,,,,,,,,,,,,,,,,,,,,,,,,,,,,,,,,,,,,,,,,,,,,,,,,,,,,,,,,,,,,,,,,
,,,,,,,,,,,,,,,,,,,,,,,,,,,,,,,,,,,,,,,,,,,,,,,,,,,,,,,,,,,,,,,,
,,,,,,,,,,,,,,,,,,,,,,,,,,,,,,,,,,,,,,,,,,,,,,,,,,,,,,,,,,,,,,,,
,,,,,,,,,,,,,,,,,,,,,,,,,,,,,,,,,,,,,,,,,,,,,,,,,,,,,,,,,,,,,,,,
,,,,,,,,,,,,,,,,,,,,,,,,,,,,,,,,,,,,,,,,,,,,,,,,,,,,,,,,,,,,,,,,
,,,,,,,,,,,,,,,,,,,,,,,,,,,,,,,,,,,,,,,,,,,,,,,,,,,,,,,,,,,,,,,,
,,,,,,,,,,,,,,,,,,,,,,,,,,,,,,,,,,,,,,,,,,,,,,,,,,,,,,,,,,,,,,,,
,,,,,,,,,,,,,,,,,,,,,,,,,,,,,,,,,,,,,,,,,,,,,,,,,,,,,,,,,,,,,,,,
,,,,,,,,,,,,,,,,,,,,,,,,,,,,,,,,,,,,,,,,,,,,,,,,,,,,,,,,,,,,,,,,
,,,,,,,,,,,,,,,,,,,,,,,,,,,,,,,,,,,,,,,,,,,,,,,,,,,,,,,,,,,,,,,,
,,,,,,,,,,,,,,,,,,,,,,,,,,,,,,,,,,,,,,,,,,,,,,,,,,,,,,,,,,,,,,,,
,,,,,,,,,,,,,,,,,,,,,,,,,,,,,,,,,,,,,,,,,,,,,,,,,,,,,,,,,,,,,,,,
,,,,,,,,,,,,,,,,,,,,,,,,,,,,,,,,,,,,,,,,,,,,,,,,,,,,,,,,,,,,,,,,
,,,,,,,,,,,,,,,,,,,,,,,,,,,,,,,,,,,,,,,,,,,,,,,,,,,,,,,,,,,,,,,,
,,,,,,,,,,,,,,,,,,,,,,,,,,,,,,,,,,,,,,,,,,,,,,,,,,,,,,,,,,,,,,,,
,,,,,,,,,,,,,,,,,,,,,,,,,,,,,,,,,,,,,,,,,,,,,,,,,,,,,,,,,,,,,,,,
,,,,,,,,,,,,,,,,,,,,,,,,,,,,,,,,,,,,,,,,,,,,,,,,,,,,,,,,,,,,,,,,
,,,,,,,,,,,,,,,,,,,,,,,,,,,,,,,,,,,,,,,,,,,,,,,,,,,,,,,,,,,,,,,,
,,,,,,,,,,,,,,,,,,,,,,,,,,,,,,,,,,,,,,,,,,,,,,,,,,,,,,,,,,,,,,,,
,,,,,,,,,,,,,,,,,,,,,,,,,,,,,,,,,,,,,,,,,,,,,,,,,,,,,,,,,,,,,,,,
,,,,,,,,,,,,,,,,,,,,,,,,,,,,,,,,,,,,,,,,,,,,,,,,,,,,,,,,,,,,,,,,
,,,,,,,,,,,,,,,,,,,,,,,,,,,,,,,,,,,,,,,,,,,,,,,,,,,,,,,,,,,,,,,,
,,,,,,,,,,,,,,,,,,,,,,,,,,,,,,,,,,,,,,,,,,,,,,,,,,,,,,,,,,,,,,,,
,,,,,,,,,,,,,,,,,,,,,,,,,,,,,,,,,,,,,,,,,,,,,,,,,,,,,,,,,,,,,,,,
,,,,,,,,,,,,,,,,,,,,,,,,,,,,,,,,,,,,,,,,,,,,,,,,,,,,,,,,,,,,,,,,
,,,,,,,,,,,,,,,,,,,,,,,,,,,,,,,,,,,,,,,,,,,,,,,,,,,,,,,,,,,,,,,,
,,,,,,,,,,,,,,,,,,,,,,,,,,,,,,,,,,,,,,,,,,,,,,,,,,,,,,,,,,,,,,,,
,,,,,,,,,,,,,,,,,,,,,,,,,,,,,,,,,,,,,,,,,,,,,,,,,,,,,,,,,,,,,,,,
,,,,,,,,,,,,,,,,,,,,,,,,,,,,,,,,,,,,,,,,,,,,,,,,,,,,,,,,,,,,,,,,
,,,,,,,,,,,,,,,,,,,,,,,,,,,,,,,,,,,,,,,,,,,,,,,,,,,,,,,,,,,,,,,,
,,,,,,,,,,,,,,,,,,,,,,,,,,,,,,,,,,,,,,,,,,,,,,,,,,,,,,,,,,,,,,,,
,,,,,,,,,,,,,,,,,,,,,,,,,,,,,,,,,,,,,,,,,,,,,,,,,,,,,,,,,,,,,,,,
,,,,,,,,,,,,,,,,,,,,,,,,,,,,,,,,,,,,,,,,,,,,,,,,,,,,,,,,,,,,,,,,
,,,,,,,,,,,,,,,,,,,,,,,,,,,,,,,,,,,,,,,,,,,,,,,,,,,,,,,,,,,,,,,,
,,,,,,,,,,,,,,,,,,,,,,,,,,,,,,,,,,,,,,,,,,,,,,,,,,,,,,,,,,,,,,,,
,,,,,,,,,,,,,,,,,,,,,,,,,,,,,,,,,,,,,,,,,,,,,,,,,,,,,,,,,,,,,,,,
